trap_id,type,successful,collected_at,reporting_area,total_aegypti_caught,screening_total_aeg,screening_wmel_aeg,latitude,longitude
ASP-3WQ6DML5,Aspirator,True,2020-11-26 10:48:55,Comuna 1,2.0,2.0,2.0,3.4588066,-76.5575131
ASP-QUEZ5LU5,Aspirator,True,2020-11-26 10:50:21,Comuna 1,7.0,7.0,5.0,3.4540687999999995,-76.5629487
ASP-IREL246U,Aspirator,True,2020-11-26 10:53:36,Comuna 1,17.0,17.0,6.0,3.4577464,-76.58316490000001
ASP-O4K94YY6,Aspirator,True,2020-12-02 10:36:22,Comuna 1,2.0,2.0,1.0,3.4552464999999994,-76.5785024
ASP-IREL246U,Aspirator,True,2020-12-02 10:58:25,Comuna 1,15.0,15.0,4.0,3.4577464,-76.58316490000001
ASP-0WQHS2L5,Aspirator,True,2020-12-02 11:24:03,Comuna 1,6.0,5.0,2.0,3.4623021,-76.58797690000002
ASP-9HWWXDMC,Aspirator,True,2020-12-02 11:49:00,Comuna 1,2.0,2.0,0.0,3.4541912000000004,-76.5745823
ASP-QUEZ5LU5,Aspirator,True,2020-12-02 13:24:50,Comuna 1,6.0,6.0,5.0,3.4540687999999995,-76.5629487
ASP-FNIILA5P,Aspirator,True,2020-12-02 13:49:57,Comuna 1,2.0,2.0,2.0,3.4525737000000003,-76.564817
ASP-3WQ6DML5,Aspirator,True,2020-12-02 14:06:38,Comuna 1,6.0,6.0,5.0,3.4588066,-76.5575131
ASP-2WRP24W3,Aspirator,True,2020-12-02 14:25:24,Comuna 1,23.0,23.0,2.0,3.459982645,-76.56064008
ASP-AUTQH84S,Aspirator,True,2020-12-02 14:49:35,Comuna 1,2.0,2.0,1.0,3.4571232000000003,-76.5492282
ASP-O4K94YY6,Aspirator,True,2020-12-11 9:34:01,Comuna 1,2.0,2.0,0.0,3.4552464999999994,-76.5785024
ASP-9HWWXDMC,Aspirator,True,2020-12-11 9:42:23,Comuna 1,1.0,1.0,0.0,3.4541912000000004,-76.5745823
ASP-0WQHS2L5,Aspirator,True,2020-12-11 11:35:22,Comuna 1,5.0,5.0,4.0,3.4623021,-76.58797690000002
ASP-IREL246U,Aspirator,True,2020-12-11 11:39:44,Comuna 1,19.0,19.0,10.0,3.4577464,-76.58316490000001
ASP-QUEZ5LU5,Aspirator,True,2020-12-11 11:42:47,Comuna 1,5.0,5.0,4.0,3.4540687999999995,-76.5629487
ASP-5YRX10OA,Aspirator,True,2020-12-11 12:51:35,Comuna 1,3.0,3.0,2.0,3.4544888,-76.5533869
ASP-H65L3Q1M,Aspirator,True,2020-12-11 13:10:52,Comuna 1,4.0,4.0,0.0,3.4522945,-76.5612814
ASP-LPH9SK1B,Aspirator,True,2020-12-11 13:31:00,Comuna 1,3.0,3.0,0.0,3.4518033999999997,-76.5661569
ASP-HZSEDUEN,Aspirator,True,2020-12-11 13:54:44,Comuna 1,5.0,5.0,0.0,3.4551496,-76.5682684
ASP-2WRP24W3,Aspirator,True,2020-12-11 14:22:08,Comuna 1,8.0,8.0,0.0,3.459982645,-76.56064008
ASP-FNIILA5P,Aspirator,True,2020-12-11 14:40:15,Comuna 1,2.0,2.0,2.0,3.4525737000000003,-76.564817
ASP-3WQ6DML5,Aspirator,True,2020-12-11 14:42:14,Comuna 1,2.0,2.0,0.0,3.4588066,-76.5575131
ASP-AUTQH84S,Aspirator,True,2020-12-11 14:46:07,Comuna 1,11.0,11.0,4.0,3.4571232000000003,-76.5492282
ASP-0WQHS2L5,Aspirator,True,2020-12-14 13:23:36,Comuna 1,3.0,3.0,2.0,3.4623021,-76.58797690000002
ASP-3WQ6DML5,Aspirator,True,2020-12-14 13:24:10,Comuna 1,2.0,2.0,1.0,3.4588066,-76.5575131
ASP-IREL246U,Aspirator,True,2020-12-14 13:39:17,Comuna 1,5.0,5.0,1.0,3.4577464,-76.58316490000001
ASP-9HWWXDMC,Aspirator,True,2020-12-14 14:02:04,Comuna 1,1.0,1.0,1.0,3.4541912000000004,-76.5745823
ASP-2WRP24W3,Aspirator,True,2020-12-14 14:08:55,Comuna 1,16.0,16.0,1.0,3.459982645,-76.56064008
ASP-LPH9SK1B,Aspirator,True,2020-12-14 14:13:25,Comuna 1,5.0,5.0,1.0,3.4518033999999997,-76.5661569
ASP-H65L3Q1M,Aspirator,True,2020-12-14 14:26:34,Comuna 1,2.0,2.0,0.0,3.4522945,-76.5612814
ASP-HZSEDUEN,Aspirator,True,2020-12-14 14:27:35,Comuna 1,3.0,3.0,0.0,3.4551496,-76.5682684
ASP-AUTQH84S,Aspirator,True,2020-12-14 14:52:54,Comuna 1,1.0,1.0,1.0,3.4571232000000003,-76.5492282
ASP-AUTQH84S,Aspirator,True,2020-12-23 13:19:41,Comuna 1,1.0,1.0,0.0,3.4571232000000003,-76.5492282
ASP-FNIILA5P,Aspirator,True,2020-12-23 14:00:18,Comuna 1,4.0,4.0,2.0,3.4525737000000003,-76.564817
ASP-0WQHS2L5,Aspirator,True,2020-12-23 14:02:44,Comuna 1,10.0,10.0,7.0,3.4623021,-76.58797690000002
ASP-IREL246U,Aspirator,True,2020-12-23 14:05:58,Comuna 1,12.0,12.0,5.0,3.4577464,-76.58316490000001
ASP-O4K94YY6,Aspirator,True,2020-12-23 14:07:36,Comuna 1,1.0,1.0,1.0,3.4552464999999994,-76.5785024
ASP-3WQ6DML5,Aspirator,True,2020-12-23 14:15:03,Comuna 1,4.0,4.0,1.0,3.4588066,-76.5575131
ASP-9HWWXDMC,Aspirator,True,2020-12-23 14:17:16,Comuna 1,2.0,2.0,2.0,3.4541912000000004,-76.5745823
ASP-LPH9SK1B,Aspirator,True,2020-12-23 14:26:17,Comuna 1,24.0,24.0,9.0,3.4518033999999997,-76.5661569
ASP-2WRP24W3,Aspirator,True,2020-12-23 14:28:59,Comuna 1,16.0,16.0,13.0,3.459982645,-76.56064008
ASP-HZSEDUEN,Aspirator,True,2020-12-23 14:39:43,Comuna 1,2.0,2.0,1.0,3.4551496,-76.5682684
ASP-H65L3Q1M,Aspirator,True,2020-12-23 14:43:04,Comuna 1,10.0,10.0,5.0,3.4522945,-76.5612814
ASP-QUEZ5LU5,Aspirator,True,2020-12-23 14:57:10,Comuna 1,2.0,2.0,1.0,3.4540687999999995,-76.5629487
ASP-9HWWXDMC,Aspirator,True,2020-12-29 9:10:23,Comuna 1,1.0,1.0,1.0,3.4541912000000004,-76.5745823
ASP-O4K94YY6,Aspirator,True,2020-12-29 9:15:26,Comuna 1,1.0,1.0,1.0,3.4552464999999994,-76.5785024
ASP-QUEZ5LU5,Aspirator,True,2020-12-29 9:20:25,Comuna 1,3.0,3.0,3.0,3.4540687999999995,-76.5629487
ASP-IREL246U,Aspirator,True,2020-12-29 9:46:35,Comuna 1,9.0,9.0,0.0,3.4577464,-76.58316490000001
ASP-0WQHS2L5,Aspirator,True,2020-12-29 10:24:55,Comuna 1,3.0,3.0,0.0,3.4623021,-76.58797690000002
ASP-LPH9SK1B,Aspirator,True,2020-12-29 11:09:30,Comuna 1,4.0,4.0,2.0,3.4518033999999997,-76.5661569
ASP-H65L3Q1M,Aspirator,True,2020-12-29 11:24:42,Comuna 1,7.0,7.0,2.0,3.4522945,-76.5612814
ASP-FNIILA5P,Aspirator,True,2020-12-29 11:44:07,Comuna 1,2.0,2.0,0.0,3.4525737000000003,-76.564817
ASP-3WQ6DML5,Aspirator,True,2020-12-29 12:00:44,Comuna 1,3.0,3.0,3.0,3.4588066,-76.5575131
ASP-2WRP24W3,Aspirator,True,2020-12-29 12:16:47,Comuna 1,14.0,14.0,5.0,3.459982645,-76.56064008
ASP-HZSEDUEN,Aspirator,True,2020-12-29 13:18:46,Comuna 1,6.0,6.0,1.0,3.4551496,-76.5682684
ASP-AUTQH84S,Aspirator,True,2020-12-29 13:23:06,Comuna 1,5.0,5.0,1.0,3.4571232000000003,-76.5492282
ASP-QUEZ5LU5,Aspirator,True,2021-01-06 8:59:39,Comuna 1,6.0,6.0,5.0,3.4540687999999995,-76.5629487
ASP-9HWWXDMC,Aspirator,True,2021-01-06 9:21:03,Comuna 1,1.0,1.0,1.0,3.4541912000000004,-76.5745823
ASP-O4K94YY6,Aspirator,True,2021-01-06 10:12:45,Comuna 1,1.0,1.0,0.0,3.4552464999999994,-76.5785024
ASP-IREL246U,Aspirator,True,2021-01-06 10:44:26,Comuna 1,7.0,7.0,3.0,3.4577464,-76.58316490000001
ASP-0WQHS2L5,Aspirator,True,2021-01-06 11:07:05,Comuna 1,1.0,1.0,1.0,3.4623021,-76.58797690000002
ASP-LPH9SK1B,Aspirator,True,2021-01-06 11:25:48,Comuna 1,3.0,3.0,1.0,3.4518033999999997,-76.5661569
ASP-H65L3Q1M,Aspirator,True,2021-01-06 11:46:25,Comuna 1,6.0,6.0,0.0,3.4522945,-76.5612814
ASP-3WQ6DML5,Aspirator,True,2021-01-06 11:48:06,Comuna 1,4.0,4.0,3.0,3.4588066,-76.5575131
ASP-AUTQH84S,Aspirator,True,2021-01-06 11:56:19,Comuna 1,2.0,2.0,2.0,3.4571232000000003,-76.5492282
ASP-2WRP24W3,Aspirator,True,2021-01-06 12:16:50,Comuna 1,15.0,15.0,8.0,3.459982645,-76.56064008
ASP-HZSEDUEN,Aspirator,True,2021-01-06 12:25:34,Comuna 1,7.0,7.0,5.0,3.4551496,-76.5682684
ASP-0WQHS2L5,Aspirator,True,2021-01-18 14:01:47,Comuna 1,1.0,1.0,0.0,3.4623021,-76.58797690000002
ASP-IREL246U,Aspirator,True,2021-01-18 14:03:41,Comuna 1,2.0,2.0,2.0,3.4577464,-76.58316490000001
ASP-O4K94YY6,Aspirator,True,2021-01-18 14:08:01,Comuna 1,2.0,2.0,0.0,3.4552464999999994,-76.5785024
ASP-LPH9SK1B,Aspirator,True,2021-01-18 14:12:58,Comuna 1,5.0,5.0,3.0,3.4518033999999997,-76.5661569
ASP-H65L3Q1M,Aspirator,True,2021-01-18 14:15:25,Comuna 1,8.0,8.0,1.0,3.4522945,-76.5612814
ASP-FNIILA5P,Aspirator,True,2021-01-18 14:22:12,Comuna 1,6.0,5.0,0.0,3.4525737000000003,-76.564817
ASP-AUTQH84S,Aspirator,True,2021-01-18 14:31:13,Comuna 1,4.0,4.0,2.0,3.4571232000000003,-76.5492282
ASP-3WQ6DML5,Aspirator,True,2021-01-18 14:37:48,Comuna 1,7.0,7.0,0.0,3.4588066,-76.5575131
ASP-2WRP24W3,Aspirator,True,2021-01-18 14:51:36,Comuna 1,4.0,4.0,3.0,3.459982645,-76.56064008
ASP-HZSEDUEN,Aspirator,True,2021-01-18 15:18:14,Comuna 1,4.0,4.0,1.0,3.4551496,-76.5682684
ASP-QUEZ5LU5,Aspirator,True,2021-01-18 15:29:37,Comuna 1,8.0,6.0,1.0,3.4540687999999995,-76.5629487
ASP-O4K94YY6,Aspirator,True,2021-01-26 10:26:39,Comuna 1,4.0,4.0,3.0,3.4552464999999994,-76.5785024
ASP-9HWWXDMC,Aspirator,True,2021-01-26 12:32:17,Comuna 1,1.0,1.0,1.0,3.4541912000000004,-76.5745823
ASP-0WQHS2L5,Aspirator,True,2021-01-26 12:33:55,Comuna 1,10.0,10.0,10.0,3.4623021,-76.58797690000002
ASP-IREL246U,Aspirator,True,2021-01-26 12:35:02,Comuna 1,38.0,15.0,14.0,3.4577464,-76.58316490000001
ASP-HZSEDUEN,Aspirator,True,2021-01-26 12:36:48,Comuna 1,1.0,1.0,1.0,3.4551496,-76.5682684
ASP-LPH9SK1B,Aspirator,True,2021-01-26 12:38:10,Comuna 1,2.0,2.0,1.0,3.4518033999999997,-76.5661569
ASP-H65L3Q1M,Aspirator,True,2021-01-26 12:39:09,Comuna 1,13.0,11.0,10.0,3.4522945,-76.5612814
ASP-FNIILA5P,Aspirator,True,2021-01-26 12:41:58,Comuna 1,10.0,10.0,10.0,3.4525737000000003,-76.564817
ASP-QUEZ5LU5,Aspirator,True,2021-01-26 12:43:32,Comuna 1,14.0,10.0,10.0,3.4540687999999995,-76.5629487
ASP-3WQ6DML5,Aspirator,True,2021-01-26 12:45:43,Comuna 1,28.0,15.0,15.0,3.4588066,-76.5575131
ASP-2WRP24W3,Aspirator,True,2021-01-26 12:47:01,Comuna 1,73.0,20.0,20.0,3.459982645,-76.56064008
ASP-AUTQH84S,Aspirator,True,2021-01-26 12:53:50,Comuna 1,3.0,3.0,3.0,3.4571232000000003,-76.5492282
ASP-0WQHS2L5,Aspirator,True,2021-02-01 16:31:47,Comuna 1,3.0,3.0,1.0,3.4623021,-76.58797690000002
ASP-IREL246U,Aspirator,True,2021-02-01 16:33:14,Comuna 1,5.0,5.0,4.0,3.4577464,-76.58316490000001
ASP-O4K94YY6,Aspirator,True,2021-02-01 16:34:19,Comuna 1,1.0,1.0,1.0,3.4552464999999994,-76.5785024
ASP-9HWWXDMC,Aspirator,True,2021-02-01 16:35:29,Comuna 1,1.0,1.0,0.0,3.4541912000000004,-76.5745823
ASP-HZSEDUEN,Aspirator,True,2021-02-01 16:36:54,Comuna 1,2.0,2.0,1.0,3.4551496,-76.5682684
ASP-LPH9SK1B,Aspirator,True,2021-02-01 16:39:56,Comuna 1,1.0,1.0,0.0,3.4518033999999997,-76.5661569
ASP-H65L3Q1M,Aspirator,True,2021-02-01 16:41:45,Comuna 1,6.0,6.0,2.0,3.4522945,-76.5612814
ASP-3WQ6DML5,Aspirator,True,2021-02-01 16:44:11,Comuna 1,3.0,3.0,3.0,3.4588066,-76.5575131
ASP-2WRP24W3,Aspirator,True,2021-02-01 16:45:14,Comuna 1,7.0,7.0,3.0,3.459982645,-76.56064008
ASP-FNIILA5P,Aspirator,True,2021-02-01 16:47:55,Comuna 1,1.0,1.0,0.0,3.4525737000000003,-76.564817
ASP-AUTQH84S,Aspirator,True,2021-02-01 16:49:21,Comuna 1,5.0,5.0,5.0,3.4571232000000003,-76.5492282
ASP-QUEZ5LU5,Aspirator,True,2021-02-01 16:53:02,Comuna 1,9.0,9.0,7.0,3.4540687999999995,-76.5629487
ASP-9HWWXDMC,Aspirator,True,2021-02-10 10:23:05,Comuna 1,2.0,2.0,0.0,3.4541912000000004,-76.5745823
ASP-IREL246U,Aspirator,True,2021-02-10 10:37:25,Comuna 1,3.0,3.0,1.0,3.4577464,-76.58316490000001
ASP-0WQHS2L5,Aspirator,True,2021-02-10 10:58:07,Comuna 1,1.0,1.0,0.0,3.4623021,-76.58797690000002
ASP-H65L3Q1M,Aspirator,True,2021-02-10 11:53:07,Comuna 1,1.0,1.0,1.0,3.4522945,-76.5612814
ASP-HZSEDUEN,Aspirator,True,2021-02-10 12:45:49,Comuna 1,2.0,2.0,1.0,3.4551496,-76.5682684
ASP-2WRP24W3,Aspirator,True,2021-02-10 12:58:26,Comuna 1,10.0,10.0,8.0,3.459982645,-76.56064008
ASP-3WQ6DML5,Aspirator,True,2021-02-10 13:08:06,Comuna 1,3.0,3.0,3.0,3.4588066,-76.5575131
ASP-AUTQH84S,Aspirator,True,2021-02-10 13:09:25,Comuna 1,1.0,1.0,0.0,3.4571232000000003,-76.5492282
ASP-QUEZ5LU5,Aspirator,True,2021-02-15 8:06:14,Comuna 1,8.0,8.0,8.0,3.4540687999999995,-76.5629487
ASP-Z8FNR6R4,Aspirator,True,2021-02-15 9:23:57,Comuna 1,1.0,1.0,0.0,3.4543091,-76.5500953
ASP-C5MTB3WE,Aspirator,True,2021-02-15 10:13:18,Comuna 1,1.0,1.0,0.0,3.4538371,-76.55837259999998
ASP-2WRP24W3,Aspirator,True,2021-02-15 10:25:27,Comuna 1,6.0,6.0,4.0,3.459982645,-76.56064008
ASP-O4K94YY6,Aspirator,True,2021-02-15 10:26:39,Comuna 1,1.0,1.0,1.0,3.4552464999999994,-76.5785024
ASP-3WQ6DML5,Aspirator,True,2021-02-15 10:39:51,Comuna 1,1.0,1.0,1.0,3.4588066,-76.5575131
ASP-AUTQH84S,Aspirator,True,2021-02-15 10:41:34,Comuna 1,2.0,2.0,2.0,3.4571232000000003,-76.5492282
ASP-5BARXARR,Aspirator,True,2021-02-15 11:26:23,Comuna 1,1.0,1.0,1.0,3.4535104,-76.568324
ASP-FNIILA5P,Aspirator,True,2021-02-15 11:40:35,Comuna 1,1.0,1.0,1.0,3.4525737000000003,-76.564817
ASP-SE34N6AD,Aspirator,True,2021-02-15 12:22:32,Comuna 1,1.0,1.0,0.0,3.4562690000000003,-76.58123459999999
ASP-HZSEDUEN,Aspirator,True,2021-02-15 12:27:17,Comuna 1,5.0,5.0,0.0,3.4551496,-76.5682684
ASP-9HWWXDMC,Aspirator,True,2021-02-15 12:41:10,Comuna 1,2.0,2.0,2.0,3.4541912000000004,-76.5745823
ASP-175TE36Q,Aspirator,True,2021-02-15 13:36:44,Comuna 1,2.0,2.0,2.0,3.4607667,-76.5859264
ASP-IREL246U,Aspirator,True,2021-02-15 13:52:24,Comuna 1,11.0,11.0,8.0,3.4577464,-76.58316490000001
ASP-0WQHS2L5,Aspirator,True,2021-02-15 14:09:30,Comuna 1,1.0,1.0,1.0,3.4623021,-76.58797690000002
ASP-POOS2B9A,Aspirator,True,2021-02-15 15:59:31,Comuna 1,1.0,1.0,0.0,3.4558842000000003,-76.5593183
ASP-FNIILA5P,Aspirator,True,2021-02-23 8:14:14,Comuna 1,1.0,1.0,0.0,3.4525737000000003,-76.564817
ASP-QUEZ5LU5,Aspirator,True,2021-02-23 8:34:18,Comuna 1,1.0,1.0,1.0,3.4540687999999995,-76.5629487
ASP-IREL246U,Aspirator,True,2021-02-23 9:18:52,Comuna 1,4.0,4.0,2.0,3.4577464,-76.58316490000001
ASP-H65L3Q1M,Aspirator,True,2021-02-23 10:10:51,Comuna 1,4.0,4.0,0.0,3.4522945,-76.5612814
ASP-HZSEDUEN,Aspirator,True,2021-02-23 10:31:01,Comuna 1,1.0,1.0,0.0,3.4551496,-76.5682684
ASP-2WRP24W3,Aspirator,True,2021-02-23 10:52:19,Comuna 1,7.0,7.0,4.0,3.459982645,-76.56064008
ASP-3WQ6DML5,Aspirator,True,2021-02-23 12:22:03,Comuna 1,2.0,2.0,1.0,3.4588066,-76.5575131
ASP-AUTQH84S,Aspirator,True,2021-02-23 12:22:41,Comuna 1,6.0,6.0,4.0,3.4571232000000003,-76.5492282
ASP-POOS2B9A,Aspirator,True,2021-02-24 9:02:19,Comuna 1,12.0,12.0,4.0,3.4558842000000003,-76.5593183
ASP-175TE36Q,Aspirator,True,2021-02-24 10:47:05,Comuna 1,4.0,4.0,1.0,3.4607667,-76.5859264
ASP-5BARXARR,Aspirator,True,2021-02-24 11:35:40,Comuna 1,6.0,6.0,4.0,3.4535104,-76.568324
ASP-3WQ6DML5,Aspirator,True,2021-03-03 9:00:43,Comuna 1,2.0,2.0,1.0,3.4588066,-76.5575131
ASP-POOS2B9A,Aspirator,True,2021-03-03 9:18:46,Comuna 1,8.0,8.0,3.0,3.4558842000000003,-76.5593183
ASP-QUEZ5LU5,Aspirator,True,2021-03-03 9:33:15,Comuna 1,1.0,1.0,1.0,3.4540687999999995,-76.5629487
ASP-FNIILA5P,Aspirator,True,2021-03-03 10:11:31,Comuna 1,1.0,1.0,1.0,3.4525737000000003,-76.564817
ASP-5BARXARR,Aspirator,True,2021-03-03 10:26:31,Comuna 1,1.0,1.0,1.0,3.4535104,-76.568324
ASP-9HWWXDMC,Aspirator,True,2021-03-03 10:51:08,Comuna 1,3.0,3.0,3.0,3.4541912000000004,-76.5745823
ASP-O4K94YY6,Aspirator,True,2021-03-03 11:04:41,Comuna 1,3.0,3.0,3.0,3.4552464999999994,-76.5785024
ASP-SE34N6AD,Aspirator,True,2021-03-03 11:17:22,Comuna 1,1.0,1.0,1.0,3.4562690000000003,-76.58123459999999
ASP-175TE36Q,Aspirator,True,2021-03-03 12:02:11,Comuna 1,4.0,4.0,3.0,3.4607667,-76.5859264
ASP-0WQHS2L5,Aspirator,True,2021-03-03 12:15:41,Comuna 1,5.0,5.0,5.0,3.4623021,-76.58797690000002
ASP-HZSEDUEN,Aspirator,True,2021-03-03 12:34:36,Comuna 1,4.0,4.0,1.0,3.4551496,-76.5682684
ASP-8SD3DR92,Aspirator,True,2021-03-03 12:48:31,Comuna 1,2.0,2.0,2.0,3.4511729,-76.5645186
ASP-H65L3Q1M,Aspirator,True,2021-03-03 13:04:40,Comuna 1,3.0,3.0,0.0,3.4522945,-76.5612814
ASP-2WRP24W3,Aspirator,True,2021-03-03 13:35:17,Comuna 1,12.0,12.0,8.0,3.459982645,-76.56064008
ASP-175TE36Q,Aspirator,True,2021-03-10 9:11:10,Comuna 1,14.0,14.0,13.0,3.4607667,-76.5859264
ASP-IREL246U,Aspirator,True,2021-03-10 9:31:22,Comuna 1,14.0,10.0,6.0,3.4577464,-76.58316490000001
ASP-0WQHS2L5,Aspirator,True,2021-03-10 9:49:19,Comuna 1,10.0,10.0,10.0,3.4623021,-76.58797690000002
ASP-SE34N6AD,Aspirator,True,2021-03-10 10:14:44,Comuna 1,2.0,2.0,0.0,3.4562690000000003,-76.58123459999999
ASP-9HWWXDMC,Aspirator,True,2021-03-10 10:45:48,Comuna 1,1.0,1.0,1.0,3.4541912000000004,-76.5745823
ASP-FNIILA5P,Aspirator,True,2021-03-10 10:52:12,Comuna 1,1.0,1.0,1.0,3.4525737000000003,-76.564817
ASP-C5MTB3WE,Aspirator,True,2021-03-10 10:53:27,Comuna 1,1.0,1.0,1.0,3.4538371,-76.55837259999998
ASP-LPH9SK1B,Aspirator,True,2021-03-10 11:52:25,Comuna 1,21.0,12.0,9.0,3.4518033999999997,-76.5661569
ASP-2WRP24W3,Aspirator,True,2021-03-10 12:00:17,Comuna 1,2.0,2.0,0.0,3.459982645,-76.56064008
ASP-3WQ6DML5,Aspirator,True,2021-03-10 12:56:28,Comuna 1,3.0,3.0,3.0,3.4588066,-76.5575131
ASP-POOS2B9A,Aspirator,True,2021-03-10 13:19:46,Comuna 1,12.0,11.0,9.0,3.4558842000000003,-76.5593183
ASP-175TE36Q,Aspirator,True,2021-03-18 9:34:01,Comuna 1,7.0,7.0,4.0,3.4607667,-76.5859264
ASP-IREL246U,Aspirator,True,2021-03-18 9:57:54,Comuna 1,3.0,3.0,3.0,3.4577464,-76.58316490000001
ASP-0WQHS2L5,Aspirator,True,2021-03-18 10:29:48,Comuna 1,14.0,14.0,14.0,3.4623021,-76.58797690000002
ASP-SE34N6AD,Aspirator,True,2021-03-18 10:51:55,Comuna 1,10.0,10.0,7.0,3.4562690000000003,-76.58123459999999
ASP-O4K94YY6,Aspirator,True,2021-03-18 11:09:41,Comuna 1,2.0,2.0,1.0,3.4552464999999994,-76.5785024
ASP-9HWWXDMC,Aspirator,True,2021-03-18 11:31:15,Comuna 1,5.0,5.0,5.0,3.4541912000000004,-76.5745823
ASP-5BARXARR,Aspirator,True,2021-03-18 11:54:47,Comuna 1,1.0,1.0,1.0,3.4535104,-76.568324
ASP-UXYNQLPX,Aspirator,True,2021-03-18 12:48:09,Comuna 1,52.0,20.0,4.0,3.4529984,-76.56523790000001
ASP-QUEZ5LU5,Aspirator,True,2021-03-18 13:06:10,Comuna 1,4.0,4.0,2.0,3.4540687999999995,-76.5629487
ASP-C5MTB3WE,Aspirator,True,2021-03-18 13:57:02,Comuna 1,12.0,12.0,11.0,3.4538371,-76.55837259999998
ASP-Z8FNR6R4,Aspirator,True,2021-03-19 8:09:56,Comuna 1,5.0,5.0,0.0,3.4543091,-76.5500953
ASP-FNIILA5P,Aspirator,True,2021-03-19 9:16:13,Comuna 1,15.0,15.0,6.0,3.4525737000000003,-76.564817
ASP-LPH9SK1B,Aspirator,True,2021-03-19 9:48:18,Comuna 1,11.0,11.0,10.0,3.4518033999999997,-76.5661569
ASP-8SD3DR92,Aspirator,True,2021-03-19 10:18:45,Comuna 1,1.0,1.0,0.0,3.4511729,-76.5645186
ASP-H65L3Q1M,Aspirator,True,2021-03-19 10:36:09,Comuna 1,2.0,2.0,0.0,3.4522945,-76.5612814
ASP-POOS2B9A,Aspirator,True,2021-03-19 11:17:11,Comuna 1,13.0,13.0,11.0,3.4558842000000003,-76.5593183
ASP-3WQ6DML5,Aspirator,True,2021-03-19 11:37:33,Comuna 1,6.0,6.0,6.0,3.4588066,-76.5575131
ASP-2WRP24W3,Aspirator,True,2021-03-19 12:04:32,Comuna 1,17.0,17.0,13.0,3.459982645,-76.56064008
ASP-HZSEDUEN,Aspirator,True,2021-03-19 12:20:16,Comuna 1,3.0,3.0,0.0,3.4551496,-76.5682684
ASP-AUTQH84S,Aspirator,True,2021-03-19 12:44:24,Comuna 1,2.0,2.0,1.0,3.4571232000000003,-76.5492282
ASP-Z8FNR6R4,Aspirator,True,2021-03-25 8:40:18,Comuna 1,3.0,3.0,3.0,3.4543091,-76.5500953
ASP-C5MTB3WE,Aspirator,True,2021-03-25 9:01:04,Comuna 1,2.0,2.0,1.0,3.4538371,-76.55837259999998
ASP-175TE36Q,Aspirator,True,2021-03-25 9:09:04,Comuna 1,14.0,10.0,8.0,3.4607667,-76.5859264
ASP-UXYNQLPX,Aspirator,True,2021-03-25 9:20:13,Comuna 1,1.0,1.0,1.0,3.4529984,-76.56523790000001
ASP-IREL246U,Aspirator,True,2021-03-25 9:30:58,Comuna 1,6.0,6.0,5.0,3.4577464,-76.58316490000001
ASP-0WQHS2L5,Aspirator,True,2021-03-25 9:50:07,Comuna 1,14.0,10.0,8.0,3.4623021,-76.58797690000002
ASP-HZSEDUEN,Aspirator,True,2021-03-25 9:58:04,Comuna 1,2.0,2.0,1.0,3.4551496,-76.5682684
ASP-2WRP24W3,Aspirator,True,2021-03-25 10:00:58,Comuna 1,2.0,2.0,0.0,3.459982645,-76.56064008
ASP-SE34N6AD,Aspirator,True,2021-03-25 10:15:59,Comuna 1,1.0,1.0,1.0,3.4562690000000003,-76.58123459999999
ASP-3WQ6DML5,Aspirator,True,2021-03-25 10:18:55,Comuna 1,3.0,3.0,1.0,3.4588066,-76.5575131
ASP-O4K94YY6,Aspirator,True,2021-03-25 10:29:45,Comuna 1,2.0,2.0,1.0,3.4552464999999994,-76.5785024
ASP-AUTQH84S,Aspirator,True,2021-03-25 10:35:25,Comuna 1,1.0,1.0,1.0,3.4571232000000003,-76.5492282
ASP-9HWWXDMC,Aspirator,True,2021-03-25 10:47:00,Comuna 1,4.0,4.0,4.0,3.4541912000000004,-76.5745823
ASP-POOS2B9A,Aspirator,True,2021-03-25 10:52:10,Comuna 1,1.0,1.0,0.0,3.4558842000000003,-76.5593183
ASP-5BARXARR,Aspirator,True,2021-03-25 11:12:15,Comuna 1,2.0,2.0,1.0,3.4535104,-76.568324
ASP-FNIILA5P,Aspirator,True,2021-03-25 11:30:58,Comuna 1,3.0,3.0,3.0,3.4525737000000003,-76.564817
ASP-QUEZ5LU5,Aspirator,True,2021-03-25 11:33:29,Comuna 1,6.0,6.0,3.0,3.4540687999999995,-76.5629487
ASP-LPH9SK1B,Aspirator,True,2021-03-25 11:35:04,Comuna 1,9.0,9.0,8.0,3.4518033999999997,-76.5661569
ASP-8SD3DR92,Aspirator,True,2021-03-25 11:49:37,Comuna 1,2.0,2.0,2.0,3.4511729,-76.5645186
ASP-H65L3Q1M,Aspirator,True,2021-03-25 12:15:59,Comuna 1,1.0,1.0,0.0,3.4522945,-76.5612814
ASP-175TE36Q,Aspirator,True,2021-04-07 12:50:33,Comuna 1,6.0,6.0,5.0,3.4607667,-76.5859264
ASP-0WQHS2L5,Aspirator,True,2021-04-07 12:51:42,Comuna 1,14.0,10.0,8.0,3.4623021,-76.58797690000002
ASP-IREL246U,Aspirator,True,2021-04-07 12:52:40,Comuna 1,4.0,4.0,3.0,3.4577464,-76.58316490000001
ASP-SE34N6AD,Aspirator,True,2021-04-07 12:54:18,Comuna 1,1.0,1.0,1.0,3.4562690000000003,-76.58123459999999
ASP-9HWWXDMC,Aspirator,True,2021-04-07 12:55:31,Comuna 1,1.0,1.0,1.0,3.4541912000000004,-76.5745823
ASP-5BARXARR,Aspirator,True,2021-04-07 12:56:42,Comuna 1,10.0,10.0,10.0,3.4535104,-76.568324
ASP-LPH9SK1B,Aspirator,True,2021-04-07 12:57:59,Comuna 1,21.0,10.0,8.0,3.4518033999999997,-76.5661569
ASP-O4K94YY6,Aspirator,True,2021-04-07 12:58:55,Comuna 1,13.0,10.0,7.0,3.4552464999999994,-76.5785024
ASP-8SD3DR92,Aspirator,True,2021-04-07 13:00:21,Comuna 1,6.0,6.0,6.0,3.4511729,-76.5645186
ASP-H65L3Q1M,Aspirator,True,2021-04-07 13:01:34,Comuna 1,8.0,8.0,2.0,3.4522945,-76.5612814
ASP-Z8FNR6R4,Aspirator,True,2021-04-07 13:03:37,Comuna 1,18.0,10.0,9.0,3.4543091,-76.5500953
ASP-C5MTB3WE,Aspirator,True,2021-04-07 13:06:08,Comuna 1,1.0,1.0,0.0,3.4538371,-76.55837259999998
ASP-UXYNQLPX,Aspirator,True,2021-04-07 13:09:24,Comuna 1,3.0,3.0,3.0,3.4529984,-76.56523790000001
ASP-FNIILA5P,Aspirator,True,2021-04-07 13:13:35,Comuna 1,19.0,10.0,9.0,3.4525737000000003,-76.564817
ASP-QUEZ5LU5,Aspirator,True,2021-04-07 13:15:20,Comuna 1,2.0,2.0,1.0,3.4540687999999995,-76.5629487
ASP-POOS2B9A,Aspirator,True,2021-04-07 13:17:04,Comuna 1,3.0,3.0,2.0,3.4558842000000003,-76.5593183
ASP-3WQ6DML5,Aspirator,True,2021-04-07 13:18:54,Comuna 1,2.0,2.0,1.0,3.4588066,-76.5575131
ASP-HZSEDUEN,Aspirator,True,2021-04-07 13:20:45,Comuna 1,13.0,12.0,6.0,3.4551496,-76.5682684
ASP-2WRP24W3,Aspirator,True,2021-04-07 13:22:23,Comuna 1,32.0,10.0,5.0,3.459982645,-76.56064008
ASP-AUTQH84S,Aspirator,True,2021-04-07 13:23:48,Comuna 1,1.0,1.0,1.0,3.4571232000000003,-76.5492282
ASP-175TE36Q,Aspirator,True,2021-04-13 11:56:57,Comuna 1,4.0,4.0,0.0,3.4607667,-76.5859264
ASP-IREL246U,Aspirator,True,2021-04-13 11:57:17,Comuna 1,4.0,4.0,4.0,3.4577464,-76.58316490000001
ASP-0WQHS2L5,Aspirator,True,2021-04-13 11:57:31,Comuna 1,3.0,3.0,3.0,3.4623021,-76.58797690000002
ASP-SE34N6AD,Aspirator,True,2021-04-13 11:57:49,Comuna 1,1.0,1.0,1.0,3.4562690000000003,-76.58123459999999
ASP-O4K94YY6,Aspirator,True,2021-04-13 11:58:08,Comuna 1,4.0,4.0,1.0,3.4552464999999994,-76.5785024
ASP-9HWWXDMC,Aspirator,True,2021-04-13 11:58:24,Comuna 1,1.0,1.0,1.0,3.4541912000000004,-76.5745823
ASP-5BARXARR,Aspirator,True,2021-04-13 11:58:47,Comuna 1,1.0,1.0,1.0,3.4535104,-76.568324
ASP-LPH9SK1B,Aspirator,True,2021-04-13 11:59:08,Comuna 1,8.0,8.0,7.0,3.4518033999999997,-76.5661569
ASP-8SD3DR92,Aspirator,True,2021-04-13 11:59:27,Comuna 1,12.0,10.0,9.0,3.4511729,-76.5645186
ASP-H65L3Q1M,Aspirator,True,2021-04-13 11:59:55,Comuna 1,2.0,2.0,2.0,3.4522945,-76.5612814
ASP-Z8FNR6R4,Aspirator,True,2021-04-13 12:18:02,Comuna 1,4.0,4.0,3.0,3.4543091,-76.5500953
ASP-C5MTB3WE,Aspirator,True,2021-04-13 12:19:35,Comuna 1,7.0,7.0,4.0,3.4538371,-76.55837259999998
ASP-UXYNQLPX,Aspirator,True,2021-04-13 12:20:55,Comuna 1,3.0,3.0,0.0,3.4529984,-76.56523790000001
ASP-FNIILA5P,Aspirator,True,2021-04-13 12:22:21,Comuna 1,6.0,6.0,4.0,3.4525737000000003,-76.564817
ASP-QUEZ5LU5,Aspirator,True,2021-04-13 12:24:32,Comuna 1,2.0,2.0,2.0,3.4540687999999995,-76.5629487
ASP-POOS2B9A,Aspirator,True,2021-04-13 12:26:08,Comuna 1,3.0,3.0,0.0,3.4558842000000003,-76.5593183
ASP-3WQ6DML5,Aspirator,True,2021-04-13 12:27:49,Comuna 1,6.0,6.0,5.0,3.4588066,-76.5575131
ASP-2WRP24W3,Aspirator,True,2021-04-13 12:33:11,Comuna 1,6.0,6.0,5.0,3.459982645,-76.56064008
ASP-AUTQH84S,Aspirator,True,2021-04-13 12:34:35,Comuna 1,1.0,1.0,1.0,3.4571232000000003,-76.5492282
ASP-Z8FNR6R4,Aspirator,True,2021-07-12 8:53:29,Comuna 1,2.0,2.0,0.0,3.4543091,-76.5500953
PK_PR_3,Aspirator,True,2021-07-12 9:06:17,Comuna 1,1.0,1.0,1.0,3.454254,-76.554612
PK_PR_6,Aspirator,True,2021-07-12 9:55:40,Comuna 1,1.0,1.0,0.0,3.4508871,-76.5622317
ASP-5BARXARR,Aspirator,True,2021-07-12 10:42:50,Comuna 1,2.0,2.0,1.0,3.4535104,-76.568324
ASP-2WRP24W3,Aspirator,True,2021-07-12 11:07:29,Comuna 1,2.0,2.0,1.0,3.459982645,-76.56064008
ASP-C5MTB3WE,Aspirator,True,2021-07-12 11:11:10,Comuna 1,1.0,1.0,1.0,3.4538371,-76.55837259999998
ASP-FNIILA5P,Aspirator,True,2021-07-12 11:12:27,Comuna 1,2.0,2.0,2.0,3.4525737000000003,-76.564817
PK_PR_5,Aspirator,True,2021-07-12 11:52:36,Comuna 1,1.0,1.0,1.0,3.4541811,-76.5655173
ASP-9HWWXDMC,Aspirator,True,2021-07-12 12:16:05,Comuna 1,5.0,5.0,0.0,3.4541912000000004,-76.5745823
ASP-O4K94YY6,Aspirator,True,2021-07-12 12:37:28,Comuna 1,1.0,1.0,1.0,3.4552464999999994,-76.5785024
PK_PR_1,Aspirator,True,2021-07-12 12:46:41,Comuna 1,1.0,1.0,1.0,3.4564891,-76.57732309999999
ASP-IREL246U,Aspirator,True,2021-07-12 13:12:15,Comuna 1,4.0,4.0,1.0,3.4577464,-76.58316490000001
ASP-0WQHS2L5,Aspirator,True,2021-07-12 13:55:31,Comuna 1,1.0,1.0,1.0,3.4623021,-76.58797690000002
ASP-175TE36Q,Aspirator,True,2021-07-12 14:20:17,Comuna 1,2.0,2.0,1.0,3.4607667,-76.5859264
ASP-POOS2B9A,Aspirator,True,2021-07-12 14:49:53,Comuna 1,1.0,1.0,1.0,3.4558842000000003,-76.5593183
ASP-H65L3Q1M,Aspirator,True,2021-07-13 9:15:55,Comuna 1,1.0,1.0,1.0,3.4522945,-76.5612814
ASP-QUEZ5LU5,Aspirator,True,2021-07-13 9:28:24,Comuna 1,2.0,2.0,0.0,3.4540687999999995,-76.5629487
ASP-HZSEDUEN,Aspirator,True,2021-07-13 9:50:30,Comuna 1,1.0,1.0,0.0,3.4551496,-76.5682684
PK_PR_2,Aspirator,True,2021-07-13 10:21:44,Comuna 1,1.0,1.0,1.0,3.4532937000000006,-76.5725639
ASP-LPH9SK1B,Aspirator,True,2021-07-13 10:33:32,Comuna 1,2.0,2.0,0.0,3.4518033999999997,-76.5661569
PK_PR_4,Aspirator,True,2021-07-19 9:35:11,Comuna 1,1.0,1.0,0.0,3.459887,-76.5512863
ASP-3WQ6DML5,Aspirator,True,2021-07-19 9:42:02,Comuna 1,3.0,3.0,0.0,3.4588066,-76.5575131
ASP-QUEZ5LU5,Aspirator,True,2021-07-19 11:26:37,Comuna 1,1.0,1.0,0.0,3.4540687999999995,-76.5629487
ASP-POOS2B9A,Aspirator,True,2021-07-19 11:35:41,Comuna 1,1.0,1.0,0.0,3.4558842000000003,-76.5593183
ASP-C5MTB3WE,Aspirator,True,2021-07-19 11:52:54,Comuna 1,3.0,3.0,3.0,3.4538371,-76.55837259999998
PK_PR_3,Aspirator,True,2021-07-19 12:32:51,Comuna 1,3.0,3.0,0.0,3.454254,-76.554612
ASP-IREL246U,Aspirator,True,2021-07-19 13:07:29,Comuna 1,2.0,2.0,0.0,3.4577464,-76.58316490000001
ASP-0WQHS2L5,Aspirator,True,2021-07-19 13:16:55,Comuna 1,1.0,1.0,0.0,3.4623021,-76.58797690000002
ASP-O4K94YY6,Aspirator,True,2021-07-19 13:52:58,Comuna 1,1.0,1.0,0.0,3.4552464999999994,-76.5785024
ASP-9HWWXDMC,Aspirator,True,2021-07-19 13:56:14,Comuna 1,1.0,1.0,0.0,3.4541912000000004,-76.5745823
PK_PR_2,Aspirator,True,2021-07-19 13:57:16,Comuna 1,2.0,2.0,1.0,3.4532937000000006,-76.5725639
ASP-FNIILA5P,Aspirator,True,2021-07-19 14:02:29,Comuna 1,1.0,1.0,0.0,3.4525737000000003,-76.564817
ASP-ZXQVAGQ5,Aspirator,True,2020-12-01 9:31:20,Comuna 18,9.0,9.0,4.0,3.3875896,-76.55809529999999
ASP-TYU2CO2W,Aspirator,True,2020-12-01 9:49:11,Comuna 18,9.0,8.0,3.0,3.3838748999999995,-76.5595885
ASP-AXGEOI0N,Aspirator,True,2020-12-01 10:42:18,Comuna 18,1.0,1.0,1.0,3.3841498,-76.5650849
ASP-EXDLETM8,Aspirator,True,2020-12-01 14:01:06,Comuna 18,2.0,2.0,0.0,3.3807883000000003,-76.54582640000001
ASP-V7QS3GJ7,Aspirator,True,2020-12-01 14:44:35,Comuna 18,2.0,2.0,2.0,3.3864899,-76.55350849999999
ASP-5N6HHLFV,Aspirator,True,2020-12-03 9:05:53,Comuna 18,4.0,4.0,4.0,3.3854300000000004,-76.5471124
ASP-1IXEJG4Z,Aspirator,True,2020-12-03 13:02:38,Comuna 18,6.0,6.0,4.0,3.3812792000000003,-76.54886450000001
ASP-WQNCL6GL,Aspirator,True,2020-12-03 13:38:41,Comuna 18,4.0,4.0,4.0,3.3830454,-76.5451144
ASP-3OOY35TF,Aspirator,True,2020-12-10 8:52:10,Comuna 18,3.0,3.0,1.0,3.3890557999999995,-76.56317829999999
ASP-RWAPF01D,Aspirator,True,2020-12-10 9:15:09,Comuna 18,2.0,2.0,1.0,3.3900111000000006,-76.5617599
ASP-AXGEOI0N,Aspirator,True,2020-12-10 9:56:17,Comuna 18,4.0,4.0,0.0,3.3841498,-76.5650849
ASP-TYU2CO2W,Aspirator,True,2020-12-10 10:28:32,Comuna 18,8.0,8.0,1.0,3.3838748999999995,-76.5595885
ASP-ZXQVAGQ5,Aspirator,True,2020-12-10 11:23:41,Comuna 18,12.0,12.0,3.0,3.3875896,-76.55809529999999
ASP-V7QS3GJ7,Aspirator,True,2020-12-10 11:41:49,Comuna 18,8.0,8.0,1.0,3.3864899,-76.55350849999999
ASP-TOJPPGIK,Aspirator,True,2020-12-10 12:58:17,Comuna 18,1.0,1.0,1.0,3.3954305000000002,-76.54733509999998
ASP-0BB0ML8N,Aspirator,True,2020-12-10 13:46:20,Comuna 18,6.0,6.0,4.0,3.3828522000000003,-76.54427530000001
ASP-EXDLETM8,Aspirator,True,2020-12-10 13:56:22,Comuna 18,4.0,4.0,0.0,3.3807883000000003,-76.54582640000001
ASP-ZB1LTL57,Aspirator,True,2020-12-10 14:22:54,Comuna 18,1.0,1.0,0.0,3.3713357000000004,-76.5541921
ASP-D86ML6F4,Aspirator,True,2020-12-10 15:23:12,Comuna 18,1.0,1.0,0.0,3.3763628,-76.5570105
ASP-TOJPPGIK,Aspirator,True,2020-12-15 8:39:05,Comuna 18,2.0,2.0,2.0,3.3954305000000002,-76.54733509999998
ASP-Y5O47158,Aspirator,True,2020-12-15 8:59:14,Comuna 18,4.0,4.0,2.0,3.3914042,-76.55062790000001
ASP-9V9LWAGE,Aspirator,True,2020-12-15 9:15:25,Comuna 18,4.0,4.0,1.0,3.3899424,-76.5480228
ASP-AXGEOI0N,Aspirator,True,2020-12-15 9:17:46,Comuna 18,13.0,13.0,2.0,3.3841498,-76.5650849
ASP-FORJY9WU,Aspirator,True,2020-12-15 9:56:15,Comuna 18,5.0,5.0,4.0,3.3933565999999997,-76.55560279999999
ASP-547FBSXH,Aspirator,True,2020-12-15 10:54:43,Comuna 18,3.0,3.0,3.0,3.3792361000000004,-76.546418
ASP-XPE4LAVF,Aspirator,True,2020-12-15 11:17:05,Comuna 18,6.0,6.0,5.0,3.3722233,-76.54520600000001
ASP-9V69CQAI,Aspirator,True,2020-12-15 11:24:53,Comuna 18,8.0,8.0,2.0,3.3718627,-76.5488846
ASP-ZB1LTL57,Aspirator,True,2020-12-15 11:50:09,Comuna 18,1.0,1.0,0.0,3.3713357000000004,-76.5541921
ASP-V7QS3GJ7,Aspirator,True,2020-12-15 11:59:55,Comuna 18,8.0,8.0,2.0,3.3864899,-76.55350849999999
ASP-D86ML6F4,Aspirator,True,2020-12-15 12:14:07,Comuna 18,6.0,6.0,5.0,3.3763628,-76.5570105
ASP-TYU2CO2W,Aspirator,True,2020-12-15 12:16:04,Comuna 18,5.0,5.0,2.0,3.3838748999999995,-76.5595885
ASP-ZXQVAGQ5,Aspirator,True,2020-12-15 12:24:54,Comuna 18,5.0,3.0,1.0,3.3875896,-76.55809529999999
ASP-3OOY35TF,Aspirator,True,2020-12-15 12:39:19,Comuna 18,5.0,5.0,1.0,3.3890557999999995,-76.56317829999999
ASP-RWAPF01D,Aspirator,True,2020-12-15 12:59:40,Comuna 18,7.0,7.0,3.0,3.3900111000000006,-76.5617599
ASP-TOJPPGIK,Aspirator,True,2020-12-22 8:33:12,Comuna 18,2.0,2.0,0.0,3.3954305000000002,-76.54733509999998
ASP-Y5O47158,Aspirator,True,2020-12-22 8:53:57,Comuna 18,27.0,26.0,4.0,3.3914042,-76.55062790000001
ASP-9V9LWAGE,Aspirator,True,2020-12-22 9:18:27,Comuna 18,1.0,1.0,0.0,3.3899424,-76.5480228
ASP-DAK8S1ED,Aspirator,True,2020-12-22 10:32:02,Comuna 18,10.0,10.0,5.0,3.3873236000000007,-76.5506385
ASP-V7QS3GJ7,Aspirator,True,2020-12-22 11:02:24,Comuna 18,4.0,4.0,2.0,3.3864899,-76.55350849999999
ASP-ZXQVAGQ5,Aspirator,True,2020-12-22 11:54:31,Comuna 18,7.0,7.0,2.0,3.3875896,-76.55809529999999
ASP-547FBSXH,Aspirator,True,2020-12-22 13:04:11,Comuna 18,2.0,2.0,1.0,3.3792361000000004,-76.546418
ASP-3OOY35TF,Aspirator,True,2020-12-22 13:25:27,Comuna 18,1.0,1.0,0.0,3.3890557999999995,-76.56317829999999
ASP-AXGEOI0N,Aspirator,True,2020-12-22 13:38:16,Comuna 18,1.0,1.0,0.0,3.3841498,-76.5650849
ASP-RWAPF01D,Aspirator,True,2020-12-22 13:40:06,Comuna 18,6.0,6.0,0.0,3.3900111000000006,-76.5617599
ASP-D86ML6F4,Aspirator,True,2020-12-22 13:45:08,Comuna 18,16.0,16.0,7.0,3.3763628,-76.5570105
ASP-9V69CQAI,Aspirator,True,2020-12-22 13:51:24,Comuna 18,8.0,8.0,7.0,3.3718627,-76.5488846
ASP-N1TZCIBH,Aspirator,True,2020-12-23 13:41:29,Comuna 18,10.0,10.0,9.0,3.3812504999999997,-76.5488795
ASP-8B3Q13ST,Aspirator,True,2020-12-28 11:12:45,Comuna 18,1.0,1.0,0.0,3.3943205,-76.5525214
ASP-TOJPPGIK,Aspirator,True,2020-12-28 11:32:15,Comuna 18,9.0,9.0,3.0,3.3954305000000002,-76.54733509999998
ASP-Y5O47158,Aspirator,True,2020-12-28 14:30:25,Comuna 18,2.0,2.0,0.0,3.3914042,-76.55062790000001
ASP-D86ML6F4,Aspirator,True,2020-12-28 14:52:06,Comuna 18,2.0,2.0,1.0,3.3763628,-76.5570105
ASP-TYU2CO2W,Aspirator,True,2020-12-28 14:55:30,Comuna 18,4.0,4.0,2.0,3.3838748999999995,-76.5595885
ASP-AXGEOI0N,Aspirator,True,2020-12-28 15:02:55,Comuna 18,10.0,10.0,1.0,3.3841498,-76.5650849
ASP-40T8J8NM,Aspirator,True,2020-12-30 14:15:41,Comuna 18,2.0,2.0,2.0,3.381089293,-76.54861969
ASP-VQ95PH74,Aspirator,True,2021-01-05 12:04:02,Comuna 18,1.0,1.0,0.0,3.3792577000000006,-76.5609333
ASP-547FBSXH,Aspirator,True,2021-01-05 12:54:45,Comuna 18,2.0,2.0,0.0,3.3792361000000004,-76.546418
ASP-9V69CQAI,Aspirator,True,2021-01-05 13:59:46,Comuna 18,11.0,11.0,6.0,3.3718627,-76.5488846
ASP-D86ML6F4,Aspirator,True,2021-01-05 14:12:53,Comuna 18,3.0,3.0,3.0,3.3763628,-76.5570105
ASP-RWAPF01D,Aspirator,True,2021-01-05 14:33:46,Comuna 18,6.0,6.0,6.0,3.3900111000000006,-76.5617599
ASP-ZXQVAGQ5,Aspirator,True,2021-01-05 14:43:31,Comuna 18,3.0,3.0,3.0,3.3875896,-76.55809529999999
ASP-740ICKY9,Aspirator,True,2021-01-07 13:44:38,Comuna 18,5.0,5.0,5.0,3.3865762000000004,-76.5482812
ASP-GOFECZ51,Aspirator,True,2021-01-07 14:14:30,Comuna 18,7.0,7.0,7.0,3.3865762000000004,-76.5482812
ASP-V7QS3GJ7,Aspirator,True,2021-01-12 13:53:56,Comuna 18,2.0,2.0,2.0,3.3864899,-76.55350849999999
ASP-RWAPF01D,Aspirator,True,2021-01-12 13:59:16,Comuna 18,1.0,1.0,1.0,3.3900111000000006,-76.5617599
ASP-3OOY35TF,Aspirator,True,2021-01-12 14:01:43,Comuna 18,1.0,1.0,0.0,3.3890557999999995,-76.56317829999999
ASP-AXGEOI0N,Aspirator,True,2021-01-12 14:03:03,Comuna 18,4.0,4.0,1.0,3.3841498,-76.5650849
ASP-VQ95PH74,Aspirator,True,2021-01-12 14:07:28,Comuna 18,4.0,4.0,1.0,3.3792577000000006,-76.5609333
ASP-547FBSXH,Aspirator,True,2021-01-12 15:06:54,Comuna 18,5.0,5.0,1.0,3.3792361000000004,-76.546418
ASP-AXGEOI0N,Aspirator,True,2021-01-19 11:49:24,Comuna 18,1.0,1.0,1.0,3.3841498,-76.5650849
ASP-3OOY35TF,Aspirator,True,2021-01-19 11:51:15,Comuna 18,5.0,5.0,0.0,3.3890557999999995,-76.56317829999999
ASP-TYU2CO2W,Aspirator,True,2021-01-19 12:04:56,Comuna 18,1.0,1.0,1.0,3.3838748999999995,-76.5595885
ASP-RWAPF01D,Aspirator,True,2021-01-19 12:09:10,Comuna 18,1.0,1.0,0.0,3.3900111000000006,-76.5617599
ASP-D86ML6F4,Aspirator,True,2021-01-19 12:24:16,Comuna 18,1.0,1.0,1.0,3.3763628,-76.5570105
ASP-RIQLMQHE,Aspirator,True,2021-01-19 12:39:22,Comuna 18,4.0,4.0,2.0,3.3765672999999996,-76.5515944
ASP-9HKPMBOQ,Aspirator,True,2021-01-19 13:20:07,Comuna 18,4.0,4.0,1.0,3.3711093,-76.5567972
ASP-WUYMGAWD,Aspirator,True,2021-01-21 14:13:20,Comuna 18,1.0,1.0,1.0,3.3813037000000006,-76.5489115
ASP-IZWSKM8S,Aspirator,True,2021-01-21 14:15:32,Comuna 18,3.0,3.0,3.0,3.3832135,-76.547081
ASP-Y5O47158,Aspirator,True,2021-01-25 14:09:48,Comuna 18,6.0,6.0,0.0,3.3914042,-76.55062790000001
ASP-9V9LWAGE,Aspirator,True,2021-01-25 14:12:12,Comuna 18,2.0,2.0,0.0,3.3899424,-76.5480228
ASP-TOJPPGIK,Aspirator,True,2021-01-25 14:14:32,Comuna 18,2.0,2.0,2.0,3.3954305000000002,-76.54733509999998
ASP-V7QS3GJ7,Aspirator,True,2021-01-25 14:18:15,Comuna 18,9.0,9.0,2.0,3.3864899,-76.55350849999999
ASP-ZXQVAGQ5,Aspirator,True,2021-01-25 14:20:32,Comuna 18,3.0,3.0,2.0,3.3875896,-76.55809529999999
ASP-RWAPF01D,Aspirator,True,2021-01-25 14:21:54,Comuna 18,9.0,9.0,7.0,3.3900111000000006,-76.5617599
ASP-3OOY35TF,Aspirator,True,2021-01-25 14:23:13,Comuna 18,1.0,1.0,0.0,3.3890557999999995,-76.56317829999999
ASP-TYU2CO2W,Aspirator,True,2021-01-25 14:25:09,Comuna 18,3.0,3.0,0.0,3.3838748999999995,-76.5595885
ASP-VQ95PH74,Aspirator,True,2021-01-25 14:26:32,Comuna 18,1.0,1.0,0.0,3.3792577000000006,-76.5609333
ASP-D86ML6F4,Aspirator,True,2021-01-25 14:28:11,Comuna 18,1.0,1.0,0.0,3.3763628,-76.5570105
ASP-547FBSXH,Aspirator,True,2021-01-25 14:30:37,Comuna 18,9.0,9.0,1.0,3.3792361000000004,-76.546418
ASP-9INAM3UW,Aspirator,True,2021-01-25 14:35:19,Comuna 18,2.0,2.0,0.0,3.3735211000000005,-76.54567259999999
ASP-9HKPMBOQ,Aspirator,True,2021-01-25 14:37:03,Comuna 18,5.0,5.0,3.0,3.3711093,-76.5567972
ASP-BMVKZFAU,Aspirator,True,2021-01-28 11:41:00,Comuna 18,1.0,1.0,0.0,3.3853495000000002,-76.5472139
ASP-AXGEOI0N,Aspirator,True,2021-02-02 13:21:15,Comuna 18,1.0,1.0,0.0,3.3841498,-76.5650849
ASP-3OOY35TF,Aspirator,True,2021-02-02 13:21:41,Comuna 18,3.0,3.0,1.0,3.3890557999999995,-76.56317829999999
ASP-RWAPF01D,Aspirator,True,2021-02-02 13:22:03,Comuna 18,4.0,4.0,2.0,3.3900111000000006,-76.5617599
ASP-VQ95PH74,Aspirator,True,2021-02-02 13:22:25,Comuna 18,2.0,2.0,1.0,3.3792577000000006,-76.5609333
ASP-TYU2CO2W,Aspirator,True,2021-02-02 13:22:49,Comuna 18,2.0,2.0,1.0,3.3838748999999995,-76.5595885
ASP-ZXQVAGQ5,Aspirator,True,2021-02-02 13:24:05,Comuna 18,4.0,4.0,3.0,3.3875896,-76.55809529999999
ASP-D86ML6F4,Aspirator,True,2021-02-02 13:24:42,Comuna 18,1.0,1.0,0.0,3.3763628,-76.5570105
ASP-9HKPMBOQ,Aspirator,True,2021-02-02 13:32:32,Comuna 18,2.0,2.0,1.0,3.3711093,-76.5567972
ASP-VK7F1O2U,Aspirator,True,2021-02-02 13:33:24,Comuna 18,1.0,1.0,0.0,3.3755322,-76.5549691
ASP-547FBSXH,Aspirator,True,2021-02-02 13:33:55,Comuna 18,1.0,1.0,0.0,3.3792361000000004,-76.546418
ASP-8B3Q13ST,Aspirator,True,2021-02-02 13:35:55,Comuna 18,14.0,14.0,5.0,3.3943205,-76.5525214
ASP-Y5O47158,Aspirator,True,2021-02-02 13:50:58,Comuna 18,11.0,11.0,2.0,3.3914042,-76.55062790000001
ASP-5EDEA9NT,Aspirator,True,2021-02-04 12:53:08,Comuna 18,5.0,5.0,5.0,3.3812544,-76.54890920000001
ASP-LK8YTIE5,Aspirator,True,2021-02-04 12:56:31,Comuna 18,1.0,1.0,0.0,3.3813157999999994,-76.5488331
ASP-TOJPPGIK,Aspirator,True,2021-02-08 13:33:40,Comuna 18,8.0,8.0,4.0,3.3954305000000002,-76.54733509999998
ASP-D86ML6F4,Aspirator,True,2021-02-08 13:52:57,Comuna 18,7.0,7.0,2.0,3.3763628,-76.5570105
ASP-AXGEOI0N,Aspirator,True,2021-02-08 14:12:09,Comuna 18,1.0,1.0,0.0,3.3841498,-76.5650849
ASP-3OOY35TF,Aspirator,True,2021-02-08 14:19:41,Comuna 18,1.0,1.0,0.0,3.3890557999999995,-76.56317829999999
ASP-VK7F1O2U,Aspirator,True,2021-02-08 14:22:32,Comuna 18,1.0,1.0,1.0,3.3755322,-76.5549691
ASP-RWAPF01D,Aspirator,True,2021-02-08 14:23:47,Comuna 18,1.0,1.0,0.0,3.3900111000000006,-76.5617599
ASP-VQ95PH74,Aspirator,True,2021-02-08 14:27:17,Comuna 18,1.0,1.0,1.0,3.3792577000000006,-76.5609333
ASP-8B3Q13ST,Aspirator,True,2021-02-08 14:29:03,Comuna 18,8.0,8.0,5.0,3.3943205,-76.5525214
ASP-Y5O47158,Aspirator,True,2021-02-08 14:32:40,Comuna 18,4.0,4.0,0.0,3.3914042,-76.55062790000001
ASP-ZXQVAGQ5,Aspirator,True,2021-02-08 14:35:49,Comuna 18,13.0,13.0,7.0,3.3875896,-76.55809529999999
ASP-V7QS3GJ7,Aspirator,True,2021-02-08 14:37:56,Comuna 18,21.0,15.0,4.0,3.3864899,-76.55350849999999
ASP-9V69CQAI,Aspirator,True,2021-02-08 14:44:15,Comuna 18,15.0,15.0,4.0,3.3718627,-76.5488846
ASP-9INAM3UW,Aspirator,True,2021-02-08 14:47:40,Comuna 18,2.0,2.0,0.0,3.3735211000000005,-76.54567259999999
ASP-547FBSXH,Aspirator,True,2021-02-08 14:49:22,Comuna 18,5.0,5.0,5.0,3.3792361000000004,-76.546418
ASP-9HKPMBOQ,Aspirator,True,2021-02-08 14:51:14,Comuna 18,2.0,2.0,1.0,3.3711093,-76.5567972
ASP-RIQLMQHE,Aspirator,True,2021-02-08 14:52:29,Comuna 18,2.0,2.0,2.0,3.3765672999999996,-76.5515944
ASP-P29RC0I4,Aspirator,True,2021-02-11 9:57:57,Comuna 18,2.0,2.0,0.0,3.3905972,-76.5536767
ASP-TGVKJKYP,Aspirator,True,2021-02-11 10:22:19,Comuna 18,2.0,2.0,0.0,3.3849258,-76.55327220000001
ASP-ZJGTMWGN,Aspirator,True,2021-02-11 11:22:31,Comuna 18,2.0,2.0,2.0,3.3876271,-76.54874040000001
ASP-FD5DWWES,Aspirator,True,2021-02-11 12:39:20,Comuna 18,1.0,1.0,1.0,3.3759788,-76.5483954
ASP-NEBAYZHB,Aspirator,True,2021-02-11 14:17:29,Comuna 18,3.0,3.0,3.0,3.383761023,-76.54763802
ASP-RWAPF01D,Aspirator,True,2021-02-17 8:40:25,Comuna 18,3.0,3.0,1.0,3.3900111000000006,-76.5617599
ASP-AXGEOI0N,Aspirator,True,2021-02-17 9:06:05,Comuna 18,1.0,1.0,1.0,3.3841498,-76.5650849
ASP-EFS6GIGP,Aspirator,True,2021-02-17 9:16:38,Comuna 18,1.0,1.0,1.0,3.3723831,-76.5519222
ASP-VQ95PH74,Aspirator,True,2021-02-17 9:44:38,Comuna 18,3.0,3.0,0.0,3.3792577000000006,-76.5609333
ASP-FD5DWWES,Aspirator,True,2021-02-17 10:00:04,Comuna 18,1.0,1.0,0.0,3.3759788,-76.5483954
ASP-D86ML6F4,Aspirator,True,2021-02-17 10:14:39,Comuna 18,5.0,5.0,5.0,3.3763628,-76.5570105
ASP-QO9P6TB7,Aspirator,True,2021-02-17 10:32:45,Comuna 18,1.0,1.0,0.0,3.3797349000000003,-76.557115
ASP-RIQLMQHE,Aspirator,True,2021-02-17 10:49:35,Comuna 18,2.0,2.0,1.0,3.3765672999999996,-76.5515944
ASP-547FBSXH,Aspirator,True,2021-02-17 11:23:35,Comuna 18,3.0,3.0,2.0,3.3792361000000004,-76.546418
ASP-4O3VJ2BP,Aspirator,True,2021-02-17 11:39:36,Comuna 18,1.0,1.0,0.0,3.3943855000000003,-76.55102629999999
ASP-9V69CQAI,Aspirator,True,2021-02-17 11:48:15,Comuna 18,3.0,3.0,3.0,3.3718627,-76.5488846
ASP-ZJGTMWGN,Aspirator,True,2021-02-17 11:50:29,Comuna 18,4.0,4.0,2.0,3.3876271,-76.54874040000001
ASP-72LFRBU2,Aspirator,True,2021-02-17 12:01:40,Comuna 18,1.0,1.0,1.0,3.3914737,-76.55826009999998
ASP-9HKPMBOQ,Aspirator,True,2021-02-17 12:05:33,Comuna 18,1.0,1.0,1.0,3.3711093,-76.5567972
ASP-ZXQVAGQ5,Aspirator,True,2021-02-17 12:40:16,Comuna 18,14.0,11.0,10.0,3.3875896,-76.55809529999999
ASP-V7QS3GJ7,Aspirator,True,2021-02-17 12:52:41,Comuna 18,26.0,19.0,7.0,3.3864899,-76.55350849999999
ASP-9V9LWAGE,Aspirator,True,2021-02-17 13:13:28,Comuna 18,1.0,1.0,0.0,3.3899424,-76.5480228
ASP-Y5O47158,Aspirator,True,2021-02-17 13:55:35,Comuna 18,2.0,2.0,1.0,3.3914042,-76.55062790000001
ASP-FM4WE9TQ,Aspirator,True,2021-02-18 11:32:30,Comuna 18,5.0,5.0,4.0,3.3815172999999996,-76.5487168
ASP-3OOY35TF,Aspirator,True,2021-02-22 8:25:00,Comuna 18,3.0,3.0,1.0,3.3890557999999995,-76.56317829999999
ASP-D86ML6F4,Aspirator,True,2021-02-22 10:03:55,Comuna 18,3.0,3.0,2.0,3.3763628,-76.5570105
ASP-VK7F1O2U,Aspirator,True,2021-02-22 12:15:21,Comuna 18,1.0,1.0,1.0,3.3755322,-76.5549691
ASP-RIQLMQHE,Aspirator,True,2021-02-22 13:18:39,Comuna 18,4.0,4.0,4.0,3.3765672999999996,-76.5515944
ASP-547FBSXH,Aspirator,True,2021-02-22 13:20:14,Comuna 18,1.0,1.0,0.0,3.3792361000000004,-76.546418
ASP-RWAPF01D,Aspirator,True,2021-02-22 15:58:18,Comuna 18,1.0,1.0,1.0,3.3900111000000006,-76.5617599
ASP-ZXQVAGQ5,Aspirator,True,2021-02-22 16:02:39,Comuna 18,6.0,6.0,4.0,3.3875896,-76.55809529999999
ASP-V7QS3GJ7,Aspirator,True,2021-02-22 16:03:52,Comuna 18,17.0,16.0,5.0,3.3864899,-76.55350849999999
ASP-Y5O47158,Aspirator,True,2021-02-22 16:07:01,Comuna 18,18.0,13.0,2.0,3.3914042,-76.55062790000001
ASP-TOJPPGIK,Aspirator,True,2021-02-22 16:08:03,Comuna 18,6.0,6.0,4.0,3.3954305000000002,-76.54733509999998
ASP-4O3VJ2BP,Aspirator,True,2021-02-24 8:14:47,Comuna 18,2.0,2.0,1.0,3.3943855000000003,-76.55102629999999
ASP-ZJGTMWGN,Aspirator,True,2021-02-24 9:04:56,Comuna 18,4.0,4.0,3.0,3.3876271,-76.54874040000001
ASP-QO9P6TB7,Aspirator,True,2021-02-24 10:03:36,Comuna 18,2.0,2.0,1.0,3.3797349000000003,-76.557115
ASP-EFS6GIGP,Aspirator,True,2021-02-24 10:40:58,Comuna 18,1.0,1.0,1.0,3.3723831,-76.5519222
ASP-MJ1OIOK2,Aspirator,True,2021-02-25 15:01:28,Comuna 18,1.0,1.0,1.0,3.3830322639999997,-76.54684878
ASP-TOJPPGIK,Aspirator,True,2021-03-02 9:08:57,Comuna 18,1.0,1.0,1.0,3.3954305000000002,-76.54733509999998
ASP-ZXQVAGQ5,Aspirator,True,2021-03-02 10:02:58,Comuna 18,9.0,9.0,8.0,3.3875896,-76.55809529999999
ASP-TYU2CO2W,Aspirator,True,2021-03-02 10:20:09,Comuna 18,5.0,5.0,4.0,3.3838748999999995,-76.5595885
ASP-RWAPF01D,Aspirator,True,2021-03-02 10:47:24,Comuna 18,10.0,10.0,5.0,3.3900111000000006,-76.5617599
ASP-P29RC0I4,Aspirator,True,2021-03-02 11:04:10,Comuna 18,4.0,4.0,2.0,3.3905972,-76.5536767
ASP-V7QS3GJ7,Aspirator,True,2021-03-02 11:19:52,Comuna 18,23.0,16.0,10.0,3.3864899,-76.55350849999999
ASP-TGVKJKYP,Aspirator,True,2021-03-02 11:49:35,Comuna 18,1.0,1.0,0.0,3.3849258,-76.55327220000001
ASP-ZJGTMWGN,Aspirator,True,2021-03-02 12:05:12,Comuna 18,2.0,2.0,1.0,3.3876271,-76.54874040000001
ASP-9V9LWAGE,Aspirator,True,2021-03-02 12:23:34,Comuna 18,1.0,1.0,0.0,3.3899424,-76.5480228
ASP-Y5O47158,Aspirator,True,2021-03-02 12:38:03,Comuna 18,2.0,2.0,0.0,3.3914042,-76.55062790000001
ASP-QO9P6TB7,Aspirator,True,2021-03-02 13:08:20,Comuna 18,1.0,1.0,1.0,3.3797349000000003,-76.557115
ASP-VQ95PH74,Aspirator,True,2021-03-02 14:44:55,Comuna 18,1.0,1.0,1.0,3.3792577000000006,-76.5609333
ASP-3OOY35TF,Aspirator,True,2021-03-02 14:46:55,Comuna 18,1.0,1.0,1.0,3.3890557999999995,-76.56317829999999
ASP-D86ML6F4,Aspirator,True,2021-03-02 15:00:01,Comuna 18,1.0,1.0,0.0,3.3763628,-76.5570105
ASP-547FBSXH,Aspirator,True,2021-03-02 15:11:14,Comuna 18,7.0,7.0,7.0,3.3792361000000004,-76.546418
ASP-9INAM3UW,Aspirator,True,2021-03-02 15:12:29,Comuna 18,13.0,12.0,12.0,3.3735211000000005,-76.54567259999999
ASP-FD5DWWES,Aspirator,True,2021-03-02 15:14:40,Comuna 18,2.0,2.0,2.0,3.3759788,-76.5483954
ASP-EFS6GIGP,Aspirator,True,2021-03-02 15:15:57,Comuna 18,2.0,2.0,2.0,3.3723831,-76.5519222
ASP-BMVKZFAU,Aspirator,True,2021-03-04 9:55:33,Comuna 18,12.0,12.0,12.0,3.3853495000000002,-76.5472139
ASP-FM4WE9TQ,Aspirator,True,2021-03-04 13:10:58,Comuna 18,1.0,1.0,1.0,3.3815172999999996,-76.5487168
ASP-4O3VJ2BP,Aspirator,True,2021-03-09 8:52:09,Comuna 18,3.0,3.0,2.0,3.3943855000000003,-76.55102629999999
ASP-72LFRBU2,Aspirator,True,2021-03-09 9:42:15,Comuna 18,2.0,2.0,0.0,3.3914737,-76.55826009999998
ASP-ZXQVAGQ5,Aspirator,True,2021-03-09 9:49:32,Comuna 18,36.0,14.0,14.0,3.3875896,-76.55809529999999
ASP-V7QS3GJ7,Aspirator,True,2021-03-09 10:01:17,Comuna 18,33.0,20.0,5.0,3.3864899,-76.55350849999999
ASP-TGVKJKYP,Aspirator,True,2021-03-09 10:15:29,Comuna 18,1.0,1.0,0.0,3.3849258,-76.55327220000001
ASP-P29RC0I4,Aspirator,True,2021-03-09 10:32:52,Comuna 18,2.0,2.0,0.0,3.3905972,-76.5536767
ASP-Y5O47158,Aspirator,True,2021-03-09 10:40:00,Comuna 18,3.0,3.0,1.0,3.3914042,-76.55062790000001
ASP-9V9LWAGE,Aspirator,True,2021-03-09 10:51:20,Comuna 18,1.0,1.0,0.0,3.3899424,-76.5480228
ASP-ZJGTMWGN,Aspirator,True,2021-03-09 10:59:51,Comuna 18,2.0,2.0,2.0,3.3876271,-76.54874040000001
ASP-RWAPF01D,Aspirator,True,2021-03-09 11:25:08,Comuna 18,13.0,13.0,6.0,3.3900111000000006,-76.5617599
ASP-TYU2CO2W,Aspirator,True,2021-03-09 12:03:05,Comuna 18,1.0,1.0,1.0,3.3838748999999995,-76.5595885
ASP-VQ95PH74,Aspirator,True,2021-03-09 12:49:15,Comuna 18,2.0,2.0,1.0,3.3792577000000006,-76.5609333
ASP-I4TI3NHK,Aspirator,True,2021-03-09 13:05:38,Comuna 18,2.0,2.0,0.0,3.3763381000000003,-76.5597552
ASP-QO9P6TB7,Aspirator,True,2021-03-09 13:26:06,Comuna 18,2.0,2.0,2.0,3.3797349000000003,-76.557115
ASP-D86ML6F4,Aspirator,True,2021-03-09 13:35:37,Comuna 18,1.0,1.0,1.0,3.3763628,-76.5570105
ASP-RIQLMQHE,Aspirator,True,2021-03-09 14:30:24,Comuna 18,1.0,1.0,0.0,3.3765672999999996,-76.5515944
ASP-FD5DWWES,Aspirator,True,2021-03-09 14:41:26,Comuna 18,1.0,1.0,0.0,3.3759788,-76.5483954
ASP-9HKPMBOQ,Aspirator,True,2021-03-09 15:17:09,Comuna 18,1.0,1.0,0.0,3.3711093,-76.5567972
ASP-9INAM3UW,Aspirator,True,2021-03-09 16:13:59,Comuna 18,3.0,3.0,3.0,3.3735211000000005,-76.54567259999999
ASP-547FBSXH,Aspirator,True,2021-03-09 16:31:10,Comuna 18,9.0,9.0,8.0,3.3792361000000004,-76.546418
ASP-BMVKZFAU,Aspirator,True,2021-03-11 12:28:13,Comuna 18,2.0,2.0,2.0,3.3853495000000002,-76.5472139
ASP-FM4WE9TQ,Aspirator,True,2021-03-11 12:35:56,Comuna 18,12.0,12.0,4.0,3.3815172999999996,-76.5487168
ASP-4O3VJ2BP,Aspirator,True,2021-03-16 8:45:06,Comuna 18,4.0,4.0,4.0,3.3943855000000003,-76.55102629999999
ASP-TOJPPGIK,Aspirator,True,2021-03-16 9:03:04,Comuna 18,12.0,11.0,7.0,3.3954305000000002,-76.54733509999998
ASP-Y5O47158,Aspirator,True,2021-03-16 9:16:16,Comuna 18,3.0,3.0,0.0,3.3914042,-76.55062790000001
ASP-P29RC0I4,Aspirator,True,2021-03-16 9:32:19,Comuna 18,5.0,5.0,3.0,3.3905972,-76.5536767
ASP-V7QS3GJ7,Aspirator,True,2021-03-16 9:35:54,Comuna 18,27.0,19.0,9.0,3.3864899,-76.55350849999999
ASP-VK7F1O2U,Aspirator,True,2021-03-16 9:36:51,Comuna 18,1.0,1.0,0.0,3.3755322,-76.5549691
ASP-TGVKJKYP,Aspirator,True,2021-03-16 9:57:59,Comuna 18,2.0,2.0,2.0,3.3849258,-76.55327220000001
ASP-45NEA5HX,Aspirator,True,2021-03-16 10:05:10,Comuna 18,1.0,1.0,1.0,3.3778267,-76.5536432
ASP-ZJGTMWGN,Aspirator,True,2021-03-16 10:14:39,Comuna 18,5.0,5.0,4.0,3.3876271,-76.54874040000001
ASP-FD5DWWES,Aspirator,True,2021-03-16 10:22:58,Comuna 18,1.0,1.0,1.0,3.3759788,-76.5483954
ASP-9V9LWAGE,Aspirator,True,2021-03-16 10:29:32,Comuna 18,1.0,1.0,1.0,3.3899424,-76.5480228
ASP-547FBSXH,Aspirator,True,2021-03-16 10:42:12,Comuna 18,8.0,8.0,7.0,3.3792361000000004,-76.546418
ASP-72LFRBU2,Aspirator,True,2021-03-16 10:50:33,Comuna 18,2.0,2.0,2.0,3.3914737,-76.55826009999998
ASP-9INAM3UW,Aspirator,True,2021-03-16 11:05:06,Comuna 18,28.0,16.0,15.0,3.3735211000000005,-76.54567259999999
ASP-AXGEOI0N,Aspirator,True,2021-03-16 11:07:26,Comuna 18,5.0,5.0,5.0,3.3841498,-76.5650849
ASP-ZXQVAGQ5,Aspirator,True,2021-03-16 11:08:48,Comuna 18,48.0,16.0,14.0,3.3875896,-76.55809529999999
ASP-RWAPF01D,Aspirator,True,2021-03-16 11:10:38,Comuna 18,2.0,2.0,2.0,3.3900111000000006,-76.5617599
ASP-TYU2CO2W,Aspirator,True,2021-03-16 11:26:45,Comuna 18,4.0,4.0,4.0,3.3838748999999995,-76.5595885
ASP-3OOY35TF,Aspirator,True,2021-03-16 11:42:26,Comuna 18,4.0,4.0,1.0,3.3890557999999995,-76.56317829999999
ASP-RIQLMQHE,Aspirator,True,2021-03-16 11:42:45,Comuna 18,8.0,8.0,8.0,3.3765672999999996,-76.5515944
ASP-BMVKZFAU,Aspirator,True,2021-03-18 10:52:28,Comuna 18,2.0,2.0,2.0,3.3853495000000002,-76.5472139
ASP-FM4WE9TQ,Aspirator,True,2021-03-18 11:54:31,Comuna 18,14.0,14.0,14.0,3.3815172999999996,-76.5487168
ASP-TOJPPGIK,Aspirator,True,2021-03-23 9:11:33,Comuna 18,8.0,8.0,5.0,3.3954305000000002,-76.54733509999998
ASP-4O3VJ2BP,Aspirator,True,2021-03-23 9:12:50,Comuna 18,1.0,1.0,0.0,3.3943855000000003,-76.55102629999999
ASP-9INAM3UW,Aspirator,True,2021-03-23 9:15:53,Comuna 18,4.0,4.0,4.0,3.3735211000000005,-76.54567259999999
ASP-RWAPF01D,Aspirator,True,2021-03-23 9:32:46,Comuna 18,47.0,10.0,8.0,3.3900111000000006,-76.5617599
ASP-Y5O47158,Aspirator,True,2021-03-23 9:39:22,Comuna 18,4.0,4.0,3.0,3.3914042,-76.55062790000001
ASP-EFS6GIGP,Aspirator,True,2021-03-23 9:55:46,Comuna 18,7.0,7.0,7.0,3.3723831,-76.5519222
ASP-V7QS3GJ7,Aspirator,True,2021-03-23 10:01:59,Comuna 18,26.0,20.0,10.0,3.3864899,-76.55350849999999
ASP-72LFRBU2,Aspirator,True,2021-03-23 10:21:41,Comuna 18,3.0,3.0,1.0,3.3914737,-76.55826009999998
ASP-ZXQVAGQ5,Aspirator,True,2021-03-23 10:38:47,Comuna 18,18.0,10.0,9.0,3.3875896,-76.55809529999999
ASP-TYU2CO2W,Aspirator,True,2021-03-23 10:56:13,Comuna 18,2.0,2.0,1.0,3.3838748999999995,-76.5595885
ASP-RIQLMQHE,Aspirator,True,2021-03-23 11:00:59,Comuna 18,2.0,2.0,0.0,3.3765672999999996,-76.5515944
ASP-3OOY35TF,Aspirator,True,2021-03-23 11:04:18,Comuna 18,9.0,9.0,9.0,3.3890557999999995,-76.56317829999999
ASP-TGVKJKYP,Aspirator,True,2021-03-23 11:16:46,Comuna 18,1.0,1.0,1.0,3.3849258,-76.55327220000001
ASP-VK7F1O2U,Aspirator,True,2021-03-23 11:26:28,Comuna 18,1.0,1.0,1.0,3.3755322,-76.5549691
ASP-D86ML6F4,Aspirator,True,2021-03-23 11:38:16,Comuna 18,1.0,1.0,1.0,3.3763628,-76.5570105
ASP-AXGEOI0N,Aspirator,True,2021-03-23 11:40:59,Comuna 18,4.0,4.0,4.0,3.3841498,-76.5650849
ASP-9V9LWAGE,Aspirator,True,2021-03-23 11:54:52,Comuna 18,5.0,5.0,4.0,3.3899424,-76.5480228
ASP-45NEA5HX,Aspirator,True,2021-03-23 12:03:38,Comuna 18,1.0,1.0,1.0,3.3778267,-76.5536432
ASP-QO9P6TB7,Aspirator,True,2021-03-23 12:19:50,Comuna 18,1.0,1.0,1.0,3.3797349000000003,-76.557115
ASP-I4TI3NHK,Aspirator,True,2021-03-23 12:39:38,Comuna 18,1.0,1.0,1.0,3.3763381000000003,-76.5597552
ASP-VQ95PH74,Aspirator,True,2021-03-23 12:59:52,Comuna 18,2.0,2.0,0.0,3.3792577000000006,-76.5609333
ASP-FD5DWWES,Aspirator,True,2021-03-23 13:36:51,Comuna 18,2.0,2.0,1.0,3.3759788,-76.5483954
ASP-547FBSXH,Aspirator,True,2021-03-23 13:58:11,Comuna 18,4.0,4.0,4.0,3.3792361000000004,-76.546418
ASP-BMVKZFAU,Aspirator,True,2021-03-25 13:06:40,Comuna 18,6.0,6.0,6.0,3.3853495000000002,-76.5472139
ASP-FM4WE9TQ,Aspirator,True,2021-03-25 13:07:23,Comuna 18,13.0,10.0,10.0,3.3815172999999996,-76.5487168
ASP-VQ95PH74,Aspirator,True,2021-04-05 9:47:40,Comuna 18,1.0,1.0,0.0,3.3792577000000006,-76.5609333
ASP-QO9P6TB7,Aspirator,True,2021-04-05 10:03:43,Comuna 18,1.0,1.0,1.0,3.3797349000000003,-76.557115
ASP-D86ML6F4,Aspirator,True,2021-04-05 10:22:35,Comuna 18,4.0,4.0,4.0,3.3763628,-76.5570105
ASP-45NEA5HX,Aspirator,True,2021-04-05 10:52:48,Comuna 18,1.0,1.0,1.0,3.3778267,-76.5536432
ASP-RIQLMQHE,Aspirator,True,2021-04-05 11:12:14,Comuna 18,1.0,1.0,1.0,3.3765672999999996,-76.5515944
ASP-FD5DWWES,Aspirator,True,2021-04-05 11:33:21,Comuna 18,12.0,10.0,9.0,3.3759788,-76.5483954
ASP-547FBSXH,Aspirator,True,2021-04-05 11:47:00,Comuna 18,2.0,2.0,0.0,3.3792361000000004,-76.546418
ASP-9INAM3UW,Aspirator,True,2021-04-05 12:00:15,Comuna 18,4.0,4.0,4.0,3.3735211000000005,-76.54567259999999
ASP-4O3VJ2BP,Aspirator,True,2021-04-05 12:29:07,Comuna 18,18.0,10.0,8.0,3.3943855000000003,-76.55102629999999
ASP-TOJPPGIK,Aspirator,True,2021-04-05 12:29:45,Comuna 18,17.0,10.0,7.0,3.3954305000000002,-76.54733509999998
ASP-RWAPF01D,Aspirator,True,2021-04-05 12:30:12,Comuna 18,2.0,2.0,2.0,3.3900111000000006,-76.5617599
ASP-Y5O47158,Aspirator,True,2021-04-05 12:30:31,Comuna 18,5.0,5.0,2.0,3.3914042,-76.55062790000001
ASP-EFS6GIGP,Aspirator,True,2021-04-05 12:30:53,Comuna 18,3.0,3.0,3.0,3.3723831,-76.5519222
ASP-V7QS3GJ7,Aspirator,True,2021-04-05 12:31:08,Comuna 18,17.0,10.0,3.0,3.3864899,-76.55350849999999
ASP-TGVKJKYP,Aspirator,True,2021-04-05 12:31:23,Comuna 18,4.0,4.0,3.0,3.3849258,-76.55327220000001
ASP-72LFRBU2,Aspirator,True,2021-04-05 12:31:54,Comuna 18,1.0,1.0,1.0,3.3914737,-76.55826009999998
ASP-ZXQVAGQ5,Aspirator,True,2021-04-05 12:32:10,Comuna 18,5.0,5.0,3.0,3.3875896,-76.55809529999999
ASP-TYU2CO2W,Aspirator,True,2021-04-05 12:32:41,Comuna 18,2.0,2.0,1.0,3.3838748999999995,-76.5595885
ASP-3OOY35TF,Aspirator,True,2021-04-05 12:33:05,Comuna 18,1.0,1.0,0.0,3.3890557999999995,-76.56317829999999
ASP-9V9LWAGE,Aspirator,True,2021-04-05 12:33:23,Comuna 18,4.0,4.0,1.0,3.3899424,-76.5480228
ASP-ZJGTMWGN,Aspirator,True,2021-04-05 12:33:39,Comuna 18,3.0,3.0,2.0,3.3876271,-76.54874040000001
ASP-9HKPMBOQ,Aspirator,True,2021-04-05 12:47:09,Comuna 18,2.0,2.0,1.0,3.3711093,-76.5567972
ASP-FM4WE9TQ,Aspirator,True,2021-04-08 11:12:21,Comuna 18,2.0,2.0,2.0,3.3815172999999996,-76.5487168
ASP-BMVKZFAU,Aspirator,True,2021-04-08 11:12:47,Comuna 18,11.0,10.0,10.0,3.3853495000000002,-76.5472139
ASP-TOJPPGIK,Aspirator,True,2021-04-12 11:42:17,Comuna 18,2.0,2.0,1.0,3.3954305000000002,-76.54733509999998
ASP-8B3Q13ST,Aspirator,True,2021-04-12 11:44:24,Comuna 18,2.0,2.0,1.0,3.3943205,-76.5525214
ASP-Y5O47158,Aspirator,True,2021-04-12 11:45:30,Comuna 18,4.0,4.0,2.0,3.3914042,-76.55062790000001
ASP-72LFRBU2,Aspirator,True,2021-04-12 11:48:00,Comuna 18,3.0,3.0,2.0,3.3914737,-76.55826009999998
ASP-RWAPF01D,Aspirator,True,2021-04-12 11:49:19,Comuna 18,6.0,6.0,5.0,3.3900111000000006,-76.5617599
ASP-3OOY35TF,Aspirator,True,2021-04-12 11:50:31,Comuna 18,2.0,2.0,1.0,3.3890557999999995,-76.56317829999999
ASP-ZXQVAGQ5,Aspirator,True,2021-04-12 11:51:32,Comuna 18,4.0,4.0,3.0,3.3875896,-76.55809529999999
ASP-V7QS3GJ7,Aspirator,True,2021-04-12 11:53:04,Comuna 18,19.0,11.0,4.0,3.3864899,-76.55350849999999
ASP-TGVKJKYP,Aspirator,True,2021-04-12 11:54:20,Comuna 18,4.0,4.0,1.0,3.3849258,-76.55327220000001
ASP-TYU2CO2W,Aspirator,True,2021-04-12 11:55:42,Comuna 18,2.0,2.0,1.0,3.3838748999999995,-76.5595885
ASP-9V9LWAGE,Aspirator,True,2021-04-12 11:56:37,Comuna 18,2.0,2.0,1.0,3.3899424,-76.5480228
ASP-ZJGTMWGN,Aspirator,True,2021-04-12 11:57:32,Comuna 18,6.0,6.0,5.0,3.3876271,-76.54874040000001
ASP-AXGEOI0N,Aspirator,True,2021-04-12 11:58:31,Comuna 18,1.0,1.0,0.0,3.3841498,-76.5650849
ASP-FD5DWWES,Aspirator,True,2021-04-12 14:05:21,Comuna 18,1.0,1.0,1.0,3.3759788,-76.5483954
ASP-RIQLMQHE,Aspirator,True,2021-04-12 14:06:01,Comuna 18,1.0,1.0,0.0,3.3765672999999996,-76.5515944
ASP-547FBSXH,Aspirator,True,2021-04-12 14:07:02,Comuna 18,1.0,1.0,1.0,3.3792361000000004,-76.546418
ASP-VK7F1O2U,Aspirator,True,2021-04-12 14:07:45,Comuna 18,2.0,2.0,2.0,3.3755322,-76.5549691
ASP-D86ML6F4,Aspirator,True,2021-04-12 14:08:38,Comuna 18,5.0,5.0,2.0,3.3763628,-76.5570105
ASP-45NEA5HX,Aspirator,True,2021-04-12 14:09:24,Comuna 18,1.0,1.0,1.0,3.3778267,-76.5536432
ASP-I4TI3NHK,Aspirator,True,2021-04-12 14:10:18,Comuna 18,5.0,5.0,1.0,3.3763381000000003,-76.5597552
ASP-QO9P6TB7,Aspirator,True,2021-04-12 14:11:06,Comuna 18,3.0,3.0,1.0,3.3797349000000003,-76.557115
ASP-VQ95PH74,Aspirator,True,2021-04-12 14:12:10,Comuna 18,4.0,4.0,0.0,3.3792577000000006,-76.5609333
ASP-BMVKZFAU,Aspirator,True,2021-04-15 10:07:02,Comuna 18,4.0,4.0,3.0,3.3853495000000002,-76.5472139
ASP-WNX37072,Aspirator,True,2020-11-27 9:04:27,Comuna 20,2.0,2.0,0.0,3.4172102999999994,-76.564548
ASP-REQP0TXD,Aspirator,True,2020-11-27 9:55:54,Comuna 20,1.0,1.0,0.0,3.4133017999999997,-76.5628312
ASP-1DC569IG,Aspirator,True,2020-11-27 12:52:31,Comuna 20,3.0,3.0,0.0,3.4182733,-76.5600825
ASP-NB5T07W7,Aspirator,True,2020-11-27 13:31:55,Comuna 20,5.0,5.0,1.0,3.4237608,-76.558272
ASP-WBHDE0HA,Aspirator,True,2020-11-27 13:47:53,Comuna 20,1.0,1.0,1.0,3.4180888999999994,-76.5671443
ASP-L82BU5GV,Aspirator,True,2020-11-27 15:07:02,Comuna 20,1.0,1.0,1.0,3.4277721,-76.55328890000001
ASP-X55KQZNH,Aspirator,True,2020-11-27 15:28:46,Comuna 20,5.0,5.0,3.0,3.426326,-76.5559376
ASP-1DC569IG,Aspirator,True,2020-12-03 10:45:42,Comuna 20,2.0,2.0,1.0,3.4182733,-76.5600825
ASP-L82BU5GV,Aspirator,True,2020-12-03 11:14:53,Comuna 20,2.0,2.0,0.0,3.4277721,-76.55328890000001
ASP-D90LIOE4,Aspirator,True,2020-12-03 11:26:53,Comuna 20,2.0,2.0,1.0,3.4205615,-76.55530999999999
ASP-TTLV2ZJI,Aspirator,True,2020-12-03 11:45:39,Comuna 20,1.0,1.0,1.0,3.4154635,-76.5566758
ASP-WNX37072,Aspirator,True,2020-12-03 12:49:00,Comuna 20,4.0,4.0,3.0,3.4172102999999994,-76.564548
ASP-TTLV2ZJI,Aspirator,True,2020-12-11 9:38:12,Comuna 20,2.0,2.0,0.0,3.4154635,-76.5566758
ASP-1HC0GP1N,Aspirator,True,2020-12-11 10:03:54,Comuna 20,4.0,4.0,0.0,3.4138330000000003,-76.5614853
ASP-WNX37072,Aspirator,True,2020-12-11 10:34:40,Comuna 20,2.0,2.0,0.0,3.4172102999999994,-76.564548
ASP-TOP3A8F6,Aspirator,True,2020-12-11 12:01:29,Comuna 20,5.0,5.0,0.0,3.4236231,-76.5621913
ASP-1EKHAKCA,Aspirator,True,2020-12-11 13:34:36,Comuna 20,1.0,1.0,0.0,3.4266563999999997,-76.55630450000001
ASP-L82BU5GV,Aspirator,True,2020-12-11 14:36:00,Comuna 20,1.0,1.0,0.0,3.4277721,-76.55328890000001
ASP-D90LIOE4,Aspirator,True,2020-12-11 15:05:27,Comuna 20,1.0,1.0,0.0,3.4205615,-76.55530999999999
ASP-WNX37072,Aspirator,True,2020-12-16 8:07:50,Comuna 20,1.0,1.0,0.0,3.4172102999999994,-76.564548
ASP-GNMH4J82,Aspirator,True,2020-12-16 8:30:45,Comuna 20,3.0,3.0,0.0,3.4209811,-76.56437259999998
ASP-TW9LNTJO,Aspirator,True,2020-12-16 8:34:35,Comuna 20,1.0,1.0,0.0,3.4182801,-76.5601355
ASP-FVIJVNCK,Aspirator,True,2020-12-16 8:49:24,Comuna 20,1.0,1.0,1.0,3.4267199999999995,-76.55635500000001
ASP-L82BU5GV,Aspirator,True,2020-12-16 9:21:32,Comuna 20,1.0,1.0,1.0,3.4277721,-76.55328890000001
ASP-1EKHAKCA,Aspirator,True,2020-12-16 9:43:49,Comuna 20,3.0,3.0,1.0,3.4266563999999997,-76.55630450000001
ASP-D90LIOE4,Aspirator,True,2020-12-16 10:56:44,Comuna 20,1.0,1.0,0.0,3.4205615,-76.55530999999999
ASP-N7S5ZQ70,Aspirator,True,2020-12-21 9:22:44,Comuna 20,5.0,5.0,1.0,3.4158192,-76.5549772
ASP-5VRG43X8,Aspirator,True,2020-12-21 10:12:05,Comuna 20,2.0,2.0,1.0,3.4126871,-76.5564057
ASP-8FYFIQZA,Aspirator,True,2020-12-21 10:41:56,Comuna 20,5.0,5.0,0.0,3.4139345999999997,-76.5610643
ASP-QAVTYQOA,Aspirator,True,2020-12-21 13:47:09,Comuna 20,2.0,2.0,1.0,3.4235397000000005,-76.5622535
ASP-FVIJVNCK,Aspirator,True,2020-12-21 14:12:23,Comuna 20,1.0,1.0,0.0,3.4267199999999995,-76.55635500000001
ASP-L82BU5GV,Aspirator,True,2020-12-21 15:23:58,Comuna 20,1.0,1.0,0.0,3.4277721,-76.55328890000001
ASP-N7S5ZQ70,Aspirator,True,2020-12-28 8:49:02,Comuna 20,8.0,8.0,0.0,3.4158192,-76.5549772
ASP-5VRG43X8,Aspirator,True,2020-12-28 9:03:51,Comuna 20,2.0,2.0,0.0,3.4126871,-76.5564057
ASP-8FYFIQZA,Aspirator,True,2020-12-28 9:37:00,Comuna 20,1.0,1.0,0.0,3.4139345999999997,-76.5610643
ASP-3KPVU6JR,Aspirator,True,2020-12-28 9:58:31,Comuna 20,4.0,4.0,1.0,3.41625,-76.56366650000001
ASP-BE4OF193,Aspirator,True,2020-12-28 10:49:13,Comuna 20,2.0,2.0,0.0,3.4222257000000007,-76.560137
ASP-QAVTYQOA,Aspirator,True,2020-12-28 11:12:04,Comuna 20,2.0,2.0,1.0,3.4235397000000005,-76.5622535
ASP-89I7V8GA,Aspirator,True,2020-12-28 11:41:18,Comuna 20,1.0,1.0,0.0,3.4178757000000006,-76.5598906
ASP-L82BU5GV,Aspirator,True,2020-12-28 12:08:22,Comuna 20,1.0,1.0,0.0,3.4277721,-76.55328890000001
ASP-FVIJVNCK,Aspirator,True,2020-12-28 12:26:54,Comuna 20,6.0,6.0,1.0,3.4267199999999995,-76.55635500000001
ASP-N7S5ZQ70,Aspirator,True,2021-01-04 9:18:57,Comuna 20,10.0,10.0,0.0,3.4158192,-76.5549772
ASP-5VRG43X8,Aspirator,True,2021-01-04 9:41:21,Comuna 20,1.0,1.0,0.0,3.4126871,-76.5564057
ASP-8FYFIQZA,Aspirator,True,2021-01-04 10:27:12,Comuna 20,3.0,3.0,1.0,3.4139345999999997,-76.5610643
ASP-89I7V8GA,Aspirator,True,2021-01-04 10:52:02,Comuna 20,2.0,2.0,0.0,3.4178757000000006,-76.5598906
ASP-3KPVU6JR,Aspirator,True,2021-01-04 11:10:16,Comuna 20,2.0,2.0,0.0,3.41625,-76.56366650000001
ASP-QAVTYQOA,Aspirator,True,2021-01-04 11:30:20,Comuna 20,2.0,2.0,0.0,3.4235397000000005,-76.5622535
ASP-BE4OF193,Aspirator,True,2021-01-04 11:44:30,Comuna 20,7.0,7.0,0.0,3.4222257000000007,-76.560137
ASP-L82BU5GV,Aspirator,True,2021-01-04 12:18:12,Comuna 20,1.0,1.0,0.0,3.4277721,-76.55328890000001
ASP-FVIJVNCK,Aspirator,True,2021-01-04 12:29:17,Comuna 20,3.0,3.0,0.0,3.4267199999999995,-76.55635500000001
ASP-J00IVPD3,Aspirator,True,2021-01-04 12:58:48,Comuna 20,1.0,1.0,1.0,3.4236203,-76.55825820000001
ASP-L82BU5GV,Aspirator,True,2021-01-14 9:57:19,Comuna 20,2.0,2.0,1.0,3.4277721,-76.55328890000001
ASP-FVIJVNCK,Aspirator,True,2021-01-14 9:58:36,Comuna 20,1.0,1.0,1.0,3.4267199999999995,-76.55635500000001
ASP-93BVAPY0,Aspirator,True,2021-01-14 10:00:18,Comuna 20,3.0,3.0,1.0,3.42055,-76.5552598
ASP-N7S5ZQ70,Aspirator,True,2021-01-14 10:02:30,Comuna 20,3.0,3.0,2.0,3.4158192,-76.5549772
ASP-5VRG43X8,Aspirator,True,2021-01-14 10:03:51,Comuna 20,2.0,2.0,2.0,3.4126871,-76.5564057
ASP-8FYFIQZA,Aspirator,True,2021-01-14 10:05:33,Comuna 20,2.0,2.0,1.0,3.4139345999999997,-76.5610643
ASP-3KPVU6JR,Aspirator,True,2021-01-14 10:07:02,Comuna 20,2.0,2.0,2.0,3.41625,-76.56366650000001
ASP-89I7V8GA,Aspirator,True,2021-01-14 11:40:04,Comuna 20,3.0,3.0,0.0,3.4178757000000006,-76.5598906
ASP-QAVTYQOA,Aspirator,True,2021-01-14 11:41:57,Comuna 20,3.0,3.0,0.0,3.4235397000000005,-76.5622535
ASP-J00IVPD3,Aspirator,True,2021-01-14 11:49:52,Comuna 20,3.0,3.0,0.0,3.4236203,-76.55825820000001
ASP-89I7V8GA,Aspirator,True,2021-01-20 9:54:35,Comuna 20,3.0,3.0,3.0,3.4178757000000006,-76.5598906
ASP-J00IVPD3,Aspirator,True,2021-01-20 9:59:44,Comuna 20,2.0,2.0,2.0,3.4236203,-76.55825820000001
ASP-N7S5ZQ70,Aspirator,True,2021-01-20 11:55:58,Comuna 20,1.0,1.0,0.0,3.4158192,-76.5549772
ASP-3KPVU6JR,Aspirator,True,2021-01-20 11:57:02,Comuna 20,9.0,9.0,0.0,3.41625,-76.56366650000001
ASP-8FYFIQZA,Aspirator,True,2021-01-20 12:04:26,Comuna 20,4.0,4.0,4.0,3.4139345999999997,-76.5610643
ASP-BE4OF193,Aspirator,True,2021-01-20 12:07:52,Comuna 20,4.0,4.0,0.0,3.4222257000000007,-76.560137
ASP-QAVTYQOA,Aspirator,True,2021-01-20 12:09:08,Comuna 20,3.0,3.0,3.0,3.4235397000000005,-76.5622535
ASP-93BVAPY0,Aspirator,True,2021-01-20 12:11:28,Comuna 20,4.0,4.0,3.0,3.42055,-76.5552598
ASP-FVIJVNCK,Aspirator,True,2021-01-20 12:21:30,Comuna 20,2.0,2.0,2.0,3.4267199999999995,-76.55635500000001
ASP-L82BU5GV,Aspirator,True,2021-01-20 15:48:59,Comuna 20,5.0,5.0,1.0,3.4277721,-76.55328890000001
ASP-N7S5ZQ70,Aspirator,True,2021-01-27 8:29:10,Comuna 20,2.0,2.0,2.0,3.4158192,-76.5549772
ASP-ZNOU6578,Aspirator,True,2021-01-27 10:19:12,Comuna 20,1.0,1.0,0.0,3.4203392999999997,-76.5659227
ASP-5VRG43X8,Aspirator,True,2021-01-27 11:44:38,Comuna 20,1.0,1.0,1.0,3.4126871,-76.5564057
ASP-8FYFIQZA,Aspirator,True,2021-01-27 11:57:11,Comuna 20,2.0,2.0,1.0,3.4139345999999997,-76.5610643
ASP-3KPVU6JR,Aspirator,True,2021-01-27 11:59:33,Comuna 20,1.0,1.0,1.0,3.41625,-76.56366650000001
ASP-89I7V8GA,Aspirator,True,2021-01-27 12:06:58,Comuna 20,1.0,1.0,1.0,3.4178757000000006,-76.5598906
ASP-BE4OF193,Aspirator,True,2021-01-27 12:11:06,Comuna 20,2.0,2.0,2.0,3.4222257000000007,-76.560137
ASP-QAVTYQOA,Aspirator,True,2021-01-27 12:13:13,Comuna 20,4.0,4.0,4.0,3.4235397000000005,-76.5622535
ASP-J00IVPD3,Aspirator,True,2021-01-27 12:18:04,Comuna 20,1.0,1.0,1.0,3.4236203,-76.55825820000001
ASP-93BVAPY0,Aspirator,True,2021-01-27 12:19:55,Comuna 20,2.0,2.0,2.0,3.42055,-76.5552598
ASP-L82BU5GV,Aspirator,True,2021-01-27 12:21:33,Comuna 20,3.0,3.0,3.0,3.4277721,-76.55328890000001
ASP-FVIJVNCK,Aspirator,True,2021-01-27 12:23:55,Comuna 20,1.0,1.0,1.0,3.4267199999999995,-76.55635500000001
ASP-5VRG43X8,Aspirator,True,2021-02-03 8:35:34,Comuna 20,1.0,1.0,1.0,3.4126871,-76.5564057
ASP-8FYFIQZA,Aspirator,True,2021-02-03 11:41:59,Comuna 20,1.0,1.0,0.0,3.4139345999999997,-76.5610643
ASP-3KPVU6JR,Aspirator,True,2021-02-03 11:43:24,Comuna 20,3.0,3.0,3.0,3.41625,-76.56366650000001
ASP-ZNOU6578,Aspirator,True,2021-02-03 11:45:39,Comuna 20,1.0,1.0,1.0,3.4203392999999997,-76.5659227
ASP-89I7V8GA,Aspirator,True,2021-02-03 11:47:41,Comuna 20,1.0,1.0,0.0,3.4178757000000006,-76.5598906
ASP-93BVAPY0,Aspirator,True,2021-02-03 11:53:43,Comuna 20,3.0,3.0,3.0,3.42055,-76.5552598
ASP-FVIJVNCK,Aspirator,True,2021-02-03 11:58:09,Comuna 20,4.0,4.0,4.0,3.4267199999999995,-76.55635500000001
ASP-L82BU5GV,Aspirator,True,2021-02-03 12:01:21,Comuna 20,3.0,3.0,0.0,3.4277721,-76.55328890000001
ASP-5VRG43X8,Aspirator,True,2021-02-09 12:16:08,Comuna 20,2.0,2.0,2.0,3.4126871,-76.5564057
ASP-L82BU5GV,Aspirator,True,2021-02-09 12:51:30,Comuna 20,19.0,16.0,0.0,3.4277721,-76.55328890000001
ASP-ZNOU6578,Aspirator,True,2021-02-09 13:23:42,Comuna 20,3.0,3.0,1.0,3.4203392999999997,-76.5659227
ASP-N7S5ZQ70,Aspirator,True,2021-02-09 13:27:10,Comuna 20,2.0,2.0,2.0,3.4158192,-76.5549772
ASP-BE4OF193,Aspirator,True,2021-02-09 13:36:24,Comuna 20,9.0,9.0,0.0,3.4222257000000007,-76.560137
ASP-FVIJVNCK,Aspirator,True,2021-02-09 13:39:41,Comuna 20,5.0,5.0,1.0,3.4267199999999995,-76.55635500000001
ASP-J00IVPD3,Aspirator,True,2021-02-09 13:42:23,Comuna 20,3.0,3.0,0.0,3.4236203,-76.55825820000001
ASP-89I7V8GA,Aspirator,True,2021-02-09 13:47:44,Comuna 20,1.0,1.0,1.0,3.4178757000000006,-76.5598906
ASP-QAVTYQOA,Aspirator,True,2021-02-09 13:50:18,Comuna 20,2.0,2.0,2.0,3.4235397000000005,-76.5622535
ASP-3KPVU6JR,Aspirator,True,2021-02-09 13:52:45,Comuna 20,1.0,1.0,0.0,3.41625,-76.56366650000001
ASP-8FYFIQZA,Aspirator,True,2021-02-09 13:54:44,Comuna 20,34.0,20.0,0.0,3.4139345999999997,-76.5610643
ASP-C25V7658,Aspirator,True,2021-02-16 8:36:28,Comuna 20,1.0,1.0,1.0,3.4183192000000004,-76.56696509999999
ASP-VEMW55ZI,Aspirator,True,2021-02-16 9:53:52,Comuna 20,1.0,1.0,1.0,3.4223227,-76.5599602
ASP-5O4HRXHG,Aspirator,True,2021-02-16 10:14:22,Comuna 20,1.0,1.0,0.0,3.423851356,-76.55839053
ASP-ZDX42L2X,Aspirator,True,2021-02-16 10:46:40,Comuna 20,1.0,1.0,0.0,3.412322586,-76.56280467
ASP-GN0MJ1ND,Aspirator,True,2021-02-16 11:10:32,Comuna 20,1.0,1.0,0.0,3.4171348,-76.5571348
ASP-ZNOU6578,Aspirator,True,2021-02-16 12:27:17,Comuna 20,1.0,1.0,0.0,3.4203392999999997,-76.5659227
ASP-EZLOIQ8S,Aspirator,True,2021-02-16 12:28:49,Comuna 20,11.0,11.0,10.0,3.420121,-76.5578892
ASP-93BVAPY0,Aspirator,True,2021-02-16 12:28:49,Comuna 20,1.0,1.0,0.0,3.42055,-76.5552598
ASP-FVIJVNCK,Aspirator,True,2021-02-16 12:29:47,Comuna 20,3.0,3.0,3.0,3.4267199999999995,-76.55635500000001
ASP-L82BU5GV,Aspirator,True,2021-02-16 12:31:53,Comuna 20,7.0,7.0,7.0,3.4277721,-76.55328890000001
ASP-QAVTYQOA,Aspirator,True,2021-02-16 12:33:43,Comuna 20,1.0,1.0,0.0,3.4235397000000005,-76.5622535
ASP-BE4OF193,Aspirator,True,2021-02-16 12:36:02,Comuna 20,1.0,1.0,0.0,3.4222257000000007,-76.560137
ASP-8FYFIQZA,Aspirator,True,2021-02-16 12:39:42,Comuna 20,38.0,20.0,1.0,3.4139345999999997,-76.5610643
ASP-5VRG43X8,Aspirator,True,2021-02-16 12:41:50,Comuna 20,1.0,1.0,1.0,3.4126871,-76.5564057
ASP-89I7V8GA,Aspirator,True,2021-02-16 12:56:16,Comuna 20,3.0,3.0,3.0,3.4178757000000006,-76.5598906
ASP-N7S5ZQ70,Aspirator,True,2021-02-16 13:23:01,Comuna 20,11.0,11.0,11.0,3.4158192,-76.5549772
ASP-ZNOU6578,Aspirator,True,2021-02-23 12:16:12,Comuna 20,3.0,3.0,3.0,3.4203392999999997,-76.5659227
ASP-3KPVU6JR,Aspirator,True,2021-02-23 12:19:08,Comuna 20,1.0,1.0,0.0,3.41625,-76.56366650000001
ASP-BE4OF193,Aspirator,True,2021-02-23 12:22:57,Comuna 20,2.0,2.0,2.0,3.4222257000000007,-76.560137
ASP-QAVTYQOA,Aspirator,True,2021-02-23 12:32:15,Comuna 20,4.0,4.0,0.0,3.4235397000000005,-76.5622535
ASP-L82BU5GV,Aspirator,True,2021-02-23 12:37:05,Comuna 20,5.0,5.0,2.0,3.4277721,-76.55328890000001
ASP-J00IVPD3,Aspirator,True,2021-02-23 12:39:49,Comuna 20,3.0,3.0,3.0,3.4236203,-76.55825820000001
ASP-8FYFIQZA,Aspirator,True,2021-02-23 12:41:13,Comuna 20,17.0,17.0,4.0,3.4139345999999997,-76.5610643
ASP-5VRG43X8,Aspirator,True,2021-02-23 12:42:34,Comuna 20,1.0,1.0,1.0,3.4126871,-76.5564057
ASP-N7S5ZQ70,Aspirator,True,2021-02-23 12:43:59,Comuna 20,1.0,1.0,0.0,3.4158192,-76.5549772
ASP-89I7V8GA,Aspirator,True,2021-02-23 12:45:24,Comuna 20,2.0,2.0,1.0,3.4178757000000006,-76.5598906
ASP-93BVAPY0,Aspirator,True,2021-02-23 12:48:10,Comuna 20,1.0,1.0,1.0,3.42055,-76.5552598
ASP-IUA555LK,Aspirator,True,2021-02-25 9:17:14,Comuna 20,5.0,5.0,1.0,3.4174597,-76.5575746
ASP-OJWHR2DM,Aspirator,True,2021-02-25 11:11:15,Comuna 20,1.0,1.0,0.0,3.4205940999999997,-76.5609503
ASP-XUW2X4F7,Aspirator,True,2021-02-25 11:39:51,Comuna 20,2.0,2.0,1.0,3.4232947,-76.5570368
ASP-S9RUHTV3,Aspirator,True,2021-02-25 12:40:52,Comuna 20,3.0,3.0,3.0,3.4150221,-76.5612278
ASP-7L2Q4E8V,Aspirator,True,2021-02-25 12:51:33,Comuna 20,10.0,10.0,10.0,3.4176382000000003,-76.56366750000001
ASP-FVIJVNCK,Aspirator,True,2021-03-01 8:50:10,Comuna 20,1.0,1.0,1.0,3.4267199999999995,-76.55635500000001
ASP-L82BU5GV,Aspirator,True,2021-03-01 9:31:43,Comuna 20,4.0,4.0,4.0,3.4277721,-76.55328890000001
ASP-N7S5ZQ70,Aspirator,True,2021-03-01 10:33:28,Comuna 20,4.0,4.0,0.0,3.4158192,-76.5549772
ASP-8FYFIQZA,Aspirator,True,2021-03-01 10:59:57,Comuna 20,2.0,2.0,1.0,3.4139345999999997,-76.5610643
ASP-3KPVU6JR,Aspirator,True,2021-03-01 11:19:29,Comuna 20,1.0,1.0,1.0,3.41625,-76.56366650000001
ASP-89I7V8GA,Aspirator,True,2021-03-01 11:36:17,Comuna 20,4.0,4.0,0.0,3.4178757000000006,-76.5598906
ASP-QAVTYQOA,Aspirator,True,2021-03-01 11:50:45,Comuna 20,1.0,1.0,0.0,3.4235397000000005,-76.5622535
ASP-J00IVPD3,Aspirator,True,2021-03-01 12:13:49,Comuna 20,2.0,2.0,1.0,3.4236203,-76.55825820000001
ASP-BE4OF193,Aspirator,True,2021-03-01 12:33:17,Comuna 20,11.0,11.0,3.0,3.4222257000000007,-76.560137
ASP-ZNOU6578,Aspirator,True,2021-03-01 13:28:57,Comuna 20,1.0,1.0,0.0,3.4203392999999997,-76.5659227
ASP-93BVAPY0,Aspirator,True,2021-03-01 13:47:55,Comuna 20,1.0,1.0,0.0,3.42055,-76.5552598
ASP-AFZ56SDG,Aspirator,True,2021-03-04 8:55:11,Comuna 20,2.0,2.0,0.0,3.4240928999999998,-76.55450450000001
ASP-IUA555LK,Aspirator,True,2021-03-04 9:19:05,Comuna 20,8.0,8.0,5.0,3.4174597,-76.5575746
ASP-9WMMBGG1,Aspirator,True,2021-03-04 9:32:33,Comuna 20,1.0,1.0,1.0,3.4199735,-76.55780820000001
ASP-XUW2X4F7,Aspirator,True,2021-03-04 10:01:43,Comuna 20,4.0,4.0,2.0,3.4232947,-76.5570368
ASP-OJWHR2DM,Aspirator,True,2021-03-04 10:36:43,Comuna 20,3.0,3.0,1.0,3.4205940999999997,-76.5609503
ASP-N4M1EF1Z,Aspirator,True,2021-03-04 10:53:23,Comuna 20,4.0,4.0,1.0,3.4226836000000005,-76.564239
ASP-7L2Q4E8V,Aspirator,True,2021-03-04 11:25:38,Comuna 20,2.0,2.0,2.0,3.4176382000000003,-76.56366750000001
ASP-S9RUHTV3,Aspirator,True,2021-03-04 11:43:28,Comuna 20,2.0,2.0,2.0,3.4150221,-76.5612278
ASP-7L2Q4E8V,Aspirator,True,2021-03-10 11:59:27,Comuna 20,1.0,1.0,0.0,3.4176382000000003,-76.56366750000001
ASP-89I7V8GA,Aspirator,True,2021-03-11 10:40:40,Comuna 20,1.0,1.0,0.0,3.4178757000000006,-76.5598906
ASP-N4M1EF1Z,Aspirator,True,2021-03-11 12:47:26,Comuna 20,3.0,3.0,3.0,3.4226836000000005,-76.564239
ASP-QAVTYQOA,Aspirator,True,2021-03-11 12:54:53,Comuna 20,1.0,1.0,0.0,3.4235397000000005,-76.5622535
ASP-BE4OF193,Aspirator,True,2021-03-11 13:12:29,Comuna 20,9.0,9.0,4.0,3.4222257000000007,-76.560137
ASP-XUW2X4F7,Aspirator,True,2021-03-11 13:38:58,Comuna 20,2.0,2.0,0.0,3.4232947,-76.5570368
ASP-J00IVPD3,Aspirator,True,2021-03-11 13:44:57,Comuna 20,1.0,1.0,1.0,3.4236203,-76.55825820000001
ASP-8FYFIQZA,Aspirator,True,2021-03-11 14:20:57,Comuna 20,151.0,24.0,1.0,3.4139345999999997,-76.5610643
ASP-L82BU5GV,Aspirator,True,2021-03-12 8:27:52,Comuna 20,1.0,1.0,0.0,3.4277721,-76.55328890000001
ASP-FVIJVNCK,Aspirator,True,2021-03-12 8:50:35,Comuna 20,1.0,1.0,1.0,3.4267199999999995,-76.55635500000001
ASP-AFZ56SDG,Aspirator,True,2021-03-12 9:14:52,Comuna 20,2.0,2.0,1.0,3.4240928999999998,-76.55450450000001
ASP-93BVAPY0,Aspirator,True,2021-03-12 9:42:15,Comuna 20,3.0,3.0,0.0,3.42055,-76.5552598
ASP-IUA555LK,Aspirator,True,2021-03-12 10:02:34,Comuna 20,4.0,4.0,0.0,3.4174597,-76.5575746
ASP-OJWHR2DM,Aspirator,True,2021-03-12 11:05:52,Comuna 20,4.0,4.0,0.0,3.4205940999999997,-76.5609503
ASP-ZNOU6578,Aspirator,True,2021-03-12 11:30:55,Comuna 20,1.0,1.0,0.0,3.4203392999999997,-76.5659227
ASP-89I7V8GA,Aspirator,True,2021-03-17 8:25:09,Comuna 20,3.0,3.0,3.0,3.4178757000000006,-76.5598906
ASP-7L2Q4E8V,Aspirator,True,2021-03-17 8:48:43,Comuna 20,8.0,8.0,8.0,3.4176382000000003,-76.56366750000001
ASP-S9RUHTV3,Aspirator,True,2021-03-17 9:01:47,Comuna 20,3.0,3.0,3.0,3.4150221,-76.5612278
ASP-OJWHR2DM,Aspirator,True,2021-03-17 9:30:29,Comuna 20,2.0,2.0,0.0,3.4205940999999997,-76.5609503
ASP-XUW2X4F7,Aspirator,True,2021-03-17 9:58:35,Comuna 20,2.0,2.0,1.0,3.4232947,-76.5570368
ASP-9WMMBGG1,Aspirator,True,2021-03-17 10:15:35,Comuna 20,3.0,3.0,3.0,3.4199735,-76.55780820000001
ASP-BE4OF193,Aspirator,True,2021-03-17 10:33:14,Comuna 20,4.0,4.0,2.0,3.4222257000000007,-76.560137
ASP-N4M1EF1Z,Aspirator,True,2021-03-17 10:48:28,Comuna 20,2.0,2.0,2.0,3.4226836000000005,-76.564239
ASP-QAVTYQOA,Aspirator,True,2021-03-17 11:06:04,Comuna 20,7.0,7.0,1.0,3.4235397000000005,-76.5622535
ASP-ZNOU6578,Aspirator,True,2021-03-17 11:17:50,Comuna 20,3.0,3.0,1.0,3.4203392999999997,-76.5659227
ASP-8FYFIQZA,Aspirator,True,2021-03-17 11:42:49,Comuna 20,59.0,27.0,1.0,3.4139345999999997,-76.5610643
ASP-J00IVPD3,Aspirator,True,2021-03-17 11:45:50,Comuna 20,1.0,1.0,0.0,3.4236203,-76.55825820000001
ASP-5VRG43X8,Aspirator,True,2021-03-17 12:05:23,Comuna 20,4.0,4.0,4.0,3.4126871,-76.5564057
ASP-N7S5ZQ70,Aspirator,True,2021-03-17 12:32:51,Comuna 20,2.0,2.0,1.0,3.4158192,-76.5549772
ASP-IUA555LK,Aspirator,True,2021-03-17 12:40:21,Comuna 20,9.0,9.0,0.0,3.4174597,-76.5575746
ASP-AFZ56SDG,Aspirator,True,2021-03-17 13:09:05,Comuna 20,3.0,3.0,0.0,3.4240928999999998,-76.55450450000001
ASP-FVIJVNCK,Aspirator,True,2021-03-17 13:17:33,Comuna 20,10.0,10.0,0.0,3.4267199999999995,-76.55635500000001
ASP-3KPVU6JR,Aspirator,True,2021-03-24 9:00:13,Comuna 20,1.0,1.0,1.0,3.41625,-76.56366650000001
ASP-L82BU5GV,Aspirator,True,2021-03-24 9:07:01,Comuna 20,1.0,1.0,0.0,3.4277721,-76.55328890000001
ASP-7L2Q4E8V,Aspirator,True,2021-03-24 9:12:19,Comuna 20,1.0,1.0,1.0,3.4176382000000003,-76.56366750000001
ASP-S9RUHTV3,Aspirator,True,2021-03-24 9:13:42,Comuna 20,3.0,3.0,0.0,3.4150221,-76.5612278
ASP-FVIJVNCK,Aspirator,True,2021-03-24 9:33:44,Comuna 20,3.0,3.0,1.0,3.4267199999999995,-76.55635500000001
ASP-8FYFIQZA,Aspirator,True,2021-03-24 9:51:08,Comuna 20,136.0,10.0,0.0,3.4139345999999997,-76.5610643
ASP-AFZ56SDG,Aspirator,True,2021-03-24 10:07:01,Comuna 20,20.0,10.0,4.0,3.4240928999999998,-76.55450450000001
ASP-QAVTYQOA,Aspirator,True,2021-03-24 10:10:19,Comuna 20,8.0,8.0,0.0,3.4235397000000005,-76.5622535
ASP-N4M1EF1Z,Aspirator,True,2021-03-24 10:28:14,Comuna 20,16.0,10.0,10.0,3.4226836000000005,-76.564239
ASP-93BVAPY0,Aspirator,True,2021-03-24 10:30:46,Comuna 20,6.0,6.0,1.0,3.42055,-76.5552598
ASP-IUA555LK,Aspirator,True,2021-03-24 10:47:56,Comuna 20,11.0,10.0,7.0,3.4174597,-76.5575746
ASP-BE4OF193,Aspirator,True,2021-03-24 11:12:14,Comuna 20,37.0,10.0,0.0,3.4222257000000007,-76.560137
ASP-9WMMBGG1,Aspirator,True,2021-03-24 11:22:28,Comuna 20,1.0,1.0,0.0,3.4199735,-76.55780820000001
ASP-XUW2X4F7,Aspirator,True,2021-03-24 11:28:31,Comuna 20,1.0,1.0,0.0,3.4232947,-76.5570368
ASP-OJWHR2DM,Aspirator,True,2021-03-24 11:50:17,Comuna 20,6.0,6.0,1.0,3.4205940999999997,-76.5609503
ASP-ZNOU6578,Aspirator,True,2021-03-24 11:58:53,Comuna 20,6.0,6.0,1.0,3.4203392999999997,-76.5659227
ASP-89I7V8GA,Aspirator,True,2021-03-24 12:13:32,Comuna 20,1.0,1.0,1.0,3.4178757000000006,-76.5598906
ASP-5VRG43X8,Aspirator,True,2021-03-24 13:12:23,Comuna 20,6.0,6.0,1.0,3.4126871,-76.5564057
ASP-7L2Q4E8V,Aspirator,True,2021-04-06 9:56:53,Comuna 20,18.0,10.0,10.0,3.4176382000000003,-76.56366750000001
ASP-S9RUHTV3,Aspirator,True,2021-04-06 10:46:31,Comuna 20,1.0,1.0,0.0,3.4150221,-76.5612278
ASP-N4M1EF1Z,Aspirator,True,2021-04-06 10:47:46,Comuna 20,5.0,5.0,4.0,3.4226836000000005,-76.564239
ASP-BE4OF193,Aspirator,True,2021-04-06 10:49:18,Comuna 20,26.0,10.0,5.0,3.4222257000000007,-76.560137
ASP-XUW2X4F7,Aspirator,True,2021-04-06 11:11:09,Comuna 20,4.0,4.0,3.0,3.4232947,-76.5570368
ASP-J00IVPD3,Aspirator,True,2021-04-06 11:13:21,Comuna 20,13.0,10.0,10.0,3.4236203,-76.55825820000001
ASP-8FYFIQZA,Aspirator,True,2021-04-06 11:57:39,Comuna 20,99.0,10.0,0.0,3.4139345999999997,-76.5610643
ASP-L82BU5GV,Aspirator,True,2021-04-06 13:04:08,Comuna 20,1.0,1.0,1.0,3.4277721,-76.55328890000001
ASP-FVIJVNCK,Aspirator,True,2021-04-06 13:05:46,Comuna 20,10.0,10.0,5.0,3.4267199999999995,-76.55635500000001
ASP-AFZ56SDG,Aspirator,True,2021-04-06 13:08:12,Comuna 20,1.0,1.0,1.0,3.4240928999999998,-76.55450450000001
ASP-93BVAPY0,Aspirator,True,2021-04-06 13:11:12,Comuna 20,3.0,3.0,0.0,3.42055,-76.5552598
ASP-IUA555LK,Aspirator,True,2021-04-06 13:13:04,Comuna 20,11.0,10.0,5.0,3.4174597,-76.5575746
ASP-89I7V8GA,Aspirator,True,2021-04-06 13:14:22,Comuna 20,1.0,1.0,1.0,3.4178757000000006,-76.5598906
ASP-OJWHR2DM,Aspirator,True,2021-04-06 13:16:15,Comuna 20,4.0,4.0,0.0,3.4205940999999997,-76.5609503
ASP-9WMMBGG1,Aspirator,True,2021-04-06 13:17:26,Comuna 20,1.0,1.0,1.0,3.4199735,-76.55780820000001
ASP-5VRG43X8,Aspirator,True,2021-04-06 13:20:13,Comuna 20,1.0,1.0,0.0,3.4126871,-76.5564057
ASP-N7S5ZQ70,Aspirator,True,2021-04-06 13:21:29,Comuna 20,2.0,2.0,2.0,3.4158192,-76.5549772
ASP-ZNOU6578,Aspirator,True,2021-04-06 15:48:04,Comuna 20,1.0,1.0,0.0,3.4203392999999997,-76.5659227
ASP-L82BU5GV,Aspirator,True,2021-04-14 12:12:10,Comuna 20,8.0,8.0,4.0,3.4277721,-76.55328890000001
ASP-FVIJVNCK,Aspirator,True,2021-04-14 12:12:30,Comuna 20,1.0,1.0,0.0,3.4267199999999995,-76.55635500000001
ASP-AFZ56SDG,Aspirator,True,2021-04-14 12:12:56,Comuna 20,5.0,5.0,1.0,3.4240928999999998,-76.55450450000001
ASP-93BVAPY0,Aspirator,True,2021-04-14 12:13:19,Comuna 20,4.0,4.0,0.0,3.42055,-76.5552598
ASP-IUA555LK,Aspirator,True,2021-04-14 12:13:38,Comuna 20,7.0,7.0,1.0,3.4174597,-76.5575746
ASP-89I7V8GA,Aspirator,True,2021-04-14 12:15:03,Comuna 20,1.0,1.0,0.0,3.4178757000000006,-76.5598906
ASP-9WMMBGG1,Aspirator,True,2021-04-14 12:17:38,Comuna 20,2.0,2.0,0.0,3.4199735,-76.55780820000001
ASP-5VRG43X8,Aspirator,True,2021-04-14 12:18:06,Comuna 20,4.0,4.0,2.0,3.4126871,-76.5564057
ASP-N7S5ZQ70,Aspirator,True,2021-04-14 12:18:22,Comuna 20,5.0,5.0,0.0,3.4158192,-76.5549772
ASP-7L2Q4E8V,Aspirator,True,2021-04-14 12:18:57,Comuna 20,2.0,2.0,1.0,3.4176382000000003,-76.56366750000001
ASP-S9RUHTV3,Aspirator,True,2021-04-14 12:19:16,Comuna 20,2.0,2.0,0.0,3.4150221,-76.5612278
ASP-8FYFIQZA,Aspirator,True,2021-04-14 12:19:35,Comuna 20,85.0,10.0,0.0,3.4139345999999997,-76.5610643
ASP-OJWHR2DM,Aspirator,True,2021-04-14 12:19:57,Comuna 20,5.0,5.0,2.0,3.4205940999999997,-76.5609503
ASP-QAVTYQOA,Aspirator,True,2021-04-14 12:20:15,Comuna 20,35.0,10.0,0.0,3.4235397000000005,-76.5622535
ASP-N4M1EF1Z,Aspirator,True,2021-04-14 12:20:32,Comuna 20,2.0,2.0,1.0,3.4226836000000005,-76.564239
ASP-BE4OF193,Aspirator,True,2021-04-14 12:20:53,Comuna 20,24.0,10.0,3.0,3.4222257000000007,-76.560137
ASP-J00IVPD3,Aspirator,True,2021-04-14 12:22:02,Comuna 20,13.0,10.0,2.0,3.4236203,-76.55825820000001
ASP-XUW2X4F7,Aspirator,True,2021-04-14 12:22:19,Comuna 20,2.0,2.0,1.0,3.4232947,-76.5570368
ASP-ZNOU6578,Aspirator,True,2021-04-14 12:22:38,Comuna 20,4.0,4.0,0.0,3.4203392999999997,-76.5659227
ASP-TYU2CO2W,Aspirator,True,2020-12-22 15:07:10,Comuna 18,1.0,0.9767827489949679,0.49436494448971446,3.3838748999999995,-76.5595885
ASP-TOJPPGIK,Aspirator,True,2021-07-26 8:48:19,Comuna 18,3.0,3.065359780001051,1.6722473538858806,3.3954305000000002,-76.54733509999998
ASP-8B3Q13ST,Aspirator,True,2021-07-26 8:53:08,Comuna 18,9.0,9.756788409434108,5.4891688051648035,3.3943205,-76.5525214
ASP-4O3VJ2BP,Aspirator,True,2021-07-26 8:58:39,Comuna 18,3.0,3.065359780001051,1.6722473538858806,3.3943855000000003,-76.55102629999999
ASP-Y5O47158,Aspirator,True,2021-07-26 9:14:19,Comuna 18,10.0,10.744913718779411,6.119158728899014,3.3914042,-76.55062790000001
C18_PK_PR,Aspirator,True,2021-07-26 9:30:40,Comuna 18,5.0,5.476939860285851,2.66762787875837,3.3918360689999996,-76.54767035
ASP-9V9LWAGE,Aspirator,True,2021-07-26 9:37:34,Comuna 18,13.0,13.016867052660956,6.983344833058572,3.3899424,-76.5480228
ASP-ZJGTMWGN,Aspirator,True,2021-07-26 9:56:37,Comuna 18,8.0,8.74354343707664,4.829956528363785,3.3876271,-76.54874040000001
ASP-9INAM3UW,Aspirator,True,2021-07-26 11:04:13,Comuna 18,2.0,1.9513126466862087,1.045969073494919,3.3735211000000005,-76.54567259999999
ASP-547FBSXH,Aspirator,True,2021-07-26 11:21:02,Comuna 18,1.0,0.9767827489949679,0.49436494448971446,3.3792361000000004,-76.546418
ASP-FD5DWWES,Aspirator,True,2021-07-26 11:34:49,Comuna 18,7.0,7.727914847061084,4.169185931248939,3.3759788,-76.5483954
ASP-RIQLMQHE,Aspirator,True,2021-07-26 12:04:45,Comuna 18,2.0,1.9513126466862087,1.045969073494919,3.3765672999999996,-76.5515944
C18_PK_PR_5,Aspirator,True,2021-07-26 12:07:03,Comuna 18,4.0,4.266491844435415,1.920605055531071,3.37448993,-76.5501809
ASP-TYU2CO2W,Aspirator,True,2021-07-26 12:26:31,Comuna 18,6.0,6.686158391580296,3.491416706033612,3.3838748999999995,-76.5595885
C18_PK_PR_4,Aspirator,True,2021-07-27 10:06:56,Comuna 18,27.0,15.769237646430007,6.901324930511427,3.384514657,-76.5566182
ASP-TGVKJKYP,Aspirator,True,2021-07-27 10:20:22,Comuna 18,11.0,11.627631888648539,6.488373260378738,3.3849258,-76.55327220000001
ASP-V7QS3GJ7,Aspirator,True,2021-07-27 10:22:31,Comuna 18,32.0,15.920876921612585,6.886564601670178,3.3864899,-76.55350849999999
ASP-ZXQVAGQ5,Aspirator,True,2021-07-27 11:03:55,Comuna 18,18.0,14.962006563068996,6.979902154279527,3.3875896,-76.55809529999999
ASP-P29RC0I4,Aspirator,True,2021-07-27 11:19:09,Comuna 18,5.0,5.476939860285851,2.66762787875837,3.3905972,-76.5536767
C18_PK_PR_3,Aspirator,True,2021-07-27 11:28:14,Comuna 18,8.0,8.74354343707664,4.829956528363785,3.38934491,-76.55623196
ASP-72LFRBU2,Aspirator,True,2021-07-27 11:29:14,Comuna 18,2.0,1.9513126466862087,1.045969073494919,3.3914737,-76.55826009999998
ASP-BMVKZFAU,Aspirator,True,2021-07-28 14:35:27,Comuna 18,2.0,1.9513126466862087,1.045969073494919,3.3853495000000002,-76.5472139
ASP-FM4WE9TQ,Aspirator,True,2021-07-28 14:37:34,Comuna 18,2.0,1.9513126466862087,1.045969073494919,3.3815172999999996,-76.5487168
